IDs,esm2_t33_650M_UR50D,esm2_t36_3B_UR50D,esm2_t48_15B_UR50D
esm2_t36_3B_UR50D_idx0,0,1,0
esm2_t36_3B_UR50D_idx1,0,1,0
esm2_t36_3B_UR50D_idx2,0,1,0
esm2_t36_3B_UR50D_idx3,0,1,0
esm2_t36_3B_UR50D_idx4,0,1,0
esm2_t36_3B_UR50D_idx5,0,1,0
esm2_t36_3B_UR50D_idx6,0,1,0
esm2_t36_3B_UR50D_idx7,0,1,0
esm2_t36_3B_UR50D_idx8,0,1,0
esm2_t36_3B_UR50D_idx9,0,1,0
esm2_t36_3B_UR50D_idx10,0,1,0
esm2_t36_3B_UR50D_idx11,0,1,0
esm2_t36_3B_UR50D_idx12,0,1,0
esm2_t36_3B_UR50D_idx13,0,1,0
esm2_t36_3B_UR50D_idx14,0,1,0
esm2_t36_3B_UR50D_idx15,0,1,0
esm2_t36_3B_UR50D_idx16,0,1,0
esm2_t36_3B_UR50D_idx17,0,1,0
esm2_t36_3B_UR50D_idx18,0,1,0
esm2_t36_3B_UR50D_idx19,0,1,0
esm2_t36_3B_UR50D_idx20,0,1,0
esm2_t36_3B_UR50D_idx21,0,1,0
esm2_t36_3B_UR50D_idx22,0,1,0
esm2_t36_3B_UR50D_idx23,0,1,0
esm2_t36_3B_UR50D_idx24,0,1,0
esm2_t36_3B_UR50D_idx25,0,1,0
esm2_t36_3B_UR50D_idx26,0,1,0
esm2_t36_3B_UR50D_idx27,0,1,0
esm2_t36_3B_UR50D_idx28,0,1,0
esm2_t36_3B_UR50D_idx29,0,1,0
esm2_t36_3B_UR50D_idx30,0,1,0
esm2_t36_3B_UR50D_idx31,0,1,0
esm2_t36_3B_UR50D_idx32,0,1,0
esm2_t36_3B_UR50D_idx33,0,1,0
esm2_t36_3B_UR50D_idx34,0,1,0
esm2_t36_3B_UR50D_idx35,0,1,0
esm2_t36_3B_UR50D_idx36,0,1,0
esm2_t36_3B_UR50D_idx37,0,1,0
esm2_t36_3B_UR50D_idx38,0,1,0
esm2_t36_3B_UR50D_idx39,0,1,0
esm2_t36_3B_UR50D_idx40,0,1,0
esm2_t36_3B_UR50D_idx41,0,1,0
esm2_t36_3B_UR50D_idx42,0,1,0
esm2_t36_3B_UR50D_idx43,0,1,0
esm2_t36_3B_UR50D_idx44,0,1,0
esm2_t36_3B_UR50D_idx45,0,1,0
esm2_t36_3B_UR50D_idx46,0,1,0
esm2_t36_3B_UR50D_idx47,0,1,0
esm2_t36_3B_UR50D_idx48,0,1,0
esm2_t36_3B_UR50D_idx49,0,1,0
esm2_t36_3B_UR50D_idx50,0,1,0
esm2_t36_3B_UR50D_idx51,0,1,0
esm2_t36_3B_UR50D_idx52,0,1,0
esm2_t36_3B_UR50D_idx53,0,1,0
esm2_t36_3B_UR50D_idx54,0,1,0
esm2_t36_3B_UR50D_idx55,0,1,0
esm2_t36_3B_UR50D_idx56,0,1,0
esm2_t36_3B_UR50D_idx57,0,1,0
esm2_t36_3B_UR50D_idx58,0,1,0
esm2_t36_3B_UR50D_idx59,0,1,0
esm2_t36_3B_UR50D_idx60,0,1,0
esm2_t36_3B_UR50D_idx61,0,1,0
esm2_t36_3B_UR50D_idx62,0,1,0
esm2_t36_3B_UR50D_idx63,0,1,0
esm2_t36_3B_UR50D_idx64,0,1,0
esm2_t36_3B_UR50D_idx65,0,1,0
esm2_t36_3B_UR50D_idx66,0,1,0
esm2_t36_3B_UR50D_idx67,0,1,0
esm2_t36_3B_UR50D_idx68,0,1,0
esm2_t36_3B_UR50D_idx69,0,1,0
esm2_t36_3B_UR50D_idx70,0,1,0
esm2_t36_3B_UR50D_idx71,0,1,0
esm2_t36_3B_UR50D_idx72,0,1,0
esm2_t36_3B_UR50D_idx73,0,1,0
esm2_t36_3B_UR50D_idx74,0,1,0
esm2_t36_3B_UR50D_idx75,0,1,0
esm2_t36_3B_UR50D_idx76,0,1,0
esm2_t36_3B_UR50D_idx77,0,1,0
esm2_t36_3B_UR50D_idx78,0,1,0
esm2_t36_3B_UR50D_idx79,0,1,0
esm2_t36_3B_UR50D_idx80,0,1,0
esm2_t36_3B_UR50D_idx81,0,1,0
esm2_t36_3B_UR50D_idx82,0,1,0
esm2_t36_3B_UR50D_idx83,0,1,0
esm2_t36_3B_UR50D_idx84,0,1,0
esm2_t36_3B_UR50D_idx85,0,1,0
esm2_t36_3B_UR50D_idx86,0,1,0
esm2_t36_3B_UR50D_idx87,0,1,0
esm2_t36_3B_UR50D_idx88,0,1,0
esm2_t36_3B_UR50D_idx89,0,1,0
esm2_t36_3B_UR50D_idx90,0,1,0
esm2_t36_3B_UR50D_idx91,0,1,0
esm2_t36_3B_UR50D_idx92,0,1,0
esm2_t36_3B_UR50D_idx93,0,1,0
esm2_t36_3B_UR50D_idx94,0,1,0
esm2_t36_3B_UR50D_idx95,0,1,0
esm2_t36_3B_UR50D_idx96,0,1,0
esm2_t36_3B_UR50D_idx97,0,1,0
esm2_t36_3B_UR50D_idx98,0,1,0
esm2_t36_3B_UR50D_idx99,0,1,0
esm2_t36_3B_UR50D_idx100,0,1,0
esm2_t36_3B_UR50D_idx101,0,1,0
esm2_t36_3B_UR50D_idx102,0,1,0
esm2_t36_3B_UR50D_idx103,0,1,0
esm2_t36_3B_UR50D_idx104,0,1,0
esm2_t36_3B_UR50D_idx105,0,1,0
esm2_t36_3B_UR50D_idx106,0,1,0
esm2_t36_3B_UR50D_idx107,0,1,0
esm2_t36_3B_UR50D_idx108,0,1,0
esm2_t36_3B_UR50D_idx109,0,1,0
esm2_t36_3B_UR50D_idx110,0,1,0
esm2_t36_3B_UR50D_idx111,0,1,0
esm2_t36_3B_UR50D_idx112,0,1,0
esm2_t36_3B_UR50D_idx113,0,1,0
esm2_t36_3B_UR50D_idx114,0,1,0
esm2_t36_3B_UR50D_idx115,0,1,0
esm2_t36_3B_UR50D_idx116,0,1,0
esm2_t36_3B_UR50D_idx117,0,1,0
esm2_t36_3B_UR50D_idx118,0,1,0
esm2_t36_3B_UR50D_idx119,0,1,0
esm2_t36_3B_UR50D_idx120,0,1,0
esm2_t36_3B_UR50D_idx121,0,1,0
esm2_t36_3B_UR50D_idx122,0,1,0
esm2_t36_3B_UR50D_idx123,0,1,0
esm2_t36_3B_UR50D_idx124,0,1,0
esm2_t36_3B_UR50D_idx125,0,1,0
esm2_t36_3B_UR50D_idx126,0,1,0
esm2_t36_3B_UR50D_idx127,0,1,0
esm2_t36_3B_UR50D_idx128,0,1,0
esm2_t36_3B_UR50D_idx129,0,1,0
esm2_t36_3B_UR50D_idx130,0,1,0
esm2_t36_3B_UR50D_idx131,0,1,0
esm2_t36_3B_UR50D_idx132,0,1,0
esm2_t36_3B_UR50D_idx133,0,1,0
esm2_t36_3B_UR50D_idx134,0,1,0
esm2_t36_3B_UR50D_idx135,0,1,0
esm2_t36_3B_UR50D_idx136,0,1,0
esm2_t36_3B_UR50D_idx137,0,1,0
esm2_t36_3B_UR50D_idx138,0,1,0
esm2_t36_3B_UR50D_idx139,0,1,0
esm2_t36_3B_UR50D_idx140,0,1,0
esm2_t36_3B_UR50D_idx141,0,1,0
esm2_t36_3B_UR50D_idx142,0,1,0
esm2_t36_3B_UR50D_idx143,0,1,0
esm2_t36_3B_UR50D_idx144,0,1,0
esm2_t36_3B_UR50D_idx145,0,1,0
esm2_t36_3B_UR50D_idx146,0,1,0
esm2_t36_3B_UR50D_idx147,0,1,0
esm2_t36_3B_UR50D_idx148,0,1,0
esm2_t36_3B_UR50D_idx149,0,1,0
esm2_t36_3B_UR50D_idx150,0,1,0
esm2_t36_3B_UR50D_idx151,0,1,0
esm2_t36_3B_UR50D_idx152,0,1,0
esm2_t36_3B_UR50D_idx153,0,1,0
esm2_t36_3B_UR50D_idx154,0,1,0
esm2_t36_3B_UR50D_idx155,0,1,0
esm2_t36_3B_UR50D_idx156,0,1,0
esm2_t36_3B_UR50D_idx157,0,1,0
esm2_t36_3B_UR50D_idx158,0,1,0
esm2_t36_3B_UR50D_idx159,0,1,0
esm2_t36_3B_UR50D_idx160,0,1,0
esm2_t36_3B_UR50D_idx161,0,1,0
esm2_t36_3B_UR50D_idx162,0,1,0
esm2_t36_3B_UR50D_idx163,0,1,0
esm2_t36_3B_UR50D_idx164,0,1,0
esm2_t36_3B_UR50D_idx165,0,1,0
esm2_t36_3B_UR50D_idx166,0,1,0
esm2_t36_3B_UR50D_idx167,0,1,0
esm2_t36_3B_UR50D_idx168,0,1,0
esm2_t36_3B_UR50D_idx169,0,1,0
esm2_t36_3B_UR50D_idx170,0,1,0
esm2_t36_3B_UR50D_idx171,0,1,0
esm2_t36_3B_UR50D_idx172,0,1,0
esm2_t36_3B_UR50D_idx173,0,1,0
esm2_t36_3B_UR50D_idx174,0,1,0
esm2_t36_3B_UR50D_idx175,0,1,0
esm2_t36_3B_UR50D_idx176,0,1,0
esm2_t36_3B_UR50D_idx177,0,1,0
esm2_t36_3B_UR50D_idx178,0,1,0
esm2_t36_3B_UR50D_idx179,0,1,0
esm2_t36_3B_UR50D_idx180,0,1,0
esm2_t36_3B_UR50D_idx181,0,1,0
esm2_t36_3B_UR50D_idx182,0,1,0
esm2_t36_3B_UR50D_idx183,0,1,0
esm2_t36_3B_UR50D_idx184,0,1,0
esm2_t36_3B_UR50D_idx185,0,1,0
esm2_t36_3B_UR50D_idx186,0,1,0
esm2_t36_3B_UR50D_idx187,0,1,0
esm2_t36_3B_UR50D_idx188,0,1,0
esm2_t36_3B_UR50D_idx189,0,1,0
esm2_t36_3B_UR50D_idx190,0,1,0
esm2_t36_3B_UR50D_idx191,0,1,0
esm2_t36_3B_UR50D_idx192,0,1,0
esm2_t36_3B_UR50D_idx193,0,1,0
esm2_t36_3B_UR50D_idx194,0,1,0
esm2_t36_3B_UR50D_idx195,0,1,0
esm2_t36_3B_UR50D_idx196,0,1,0
esm2_t36_3B_UR50D_idx197,0,1,0
esm2_t36_3B_UR50D_idx198,0,1,0
esm2_t36_3B_UR50D_idx199,0,1,0
esm2_t36_3B_UR50D_idx200,0,1,0
esm2_t36_3B_UR50D_idx201,0,1,0
esm2_t36_3B_UR50D_idx202,0,1,0
esm2_t36_3B_UR50D_idx203,0,1,0
esm2_t36_3B_UR50D_idx204,0,1,0
esm2_t36_3B_UR50D_idx205,0,1,0
esm2_t36_3B_UR50D_idx206,0,1,0
esm2_t36_3B_UR50D_idx207,0,1,0
esm2_t36_3B_UR50D_idx208,0,1,0
esm2_t36_3B_UR50D_idx209,0,1,0
esm2_t36_3B_UR50D_idx210,0,1,0
esm2_t36_3B_UR50D_idx211,0,1,0
esm2_t36_3B_UR50D_idx212,0,1,0
esm2_t36_3B_UR50D_idx213,0,1,0
esm2_t36_3B_UR50D_idx214,0,1,0
esm2_t36_3B_UR50D_idx215,0,1,0
esm2_t36_3B_UR50D_idx216,0,1,0
esm2_t36_3B_UR50D_idx217,0,1,0
esm2_t36_3B_UR50D_idx218,0,1,0
esm2_t36_3B_UR50D_idx219,0,1,0
esm2_t36_3B_UR50D_idx220,0,1,0
esm2_t36_3B_UR50D_idx221,0,1,0
esm2_t36_3B_UR50D_idx222,0,1,0
esm2_t36_3B_UR50D_idx223,0,1,0
esm2_t36_3B_UR50D_idx224,0,1,0
esm2_t36_3B_UR50D_idx225,0,1,0
esm2_t36_3B_UR50D_idx226,0,1,0
esm2_t36_3B_UR50D_idx227,0,1,0
esm2_t36_3B_UR50D_idx228,0,1,0
esm2_t36_3B_UR50D_idx229,0,1,0
esm2_t36_3B_UR50D_idx230,0,1,0
esm2_t36_3B_UR50D_idx231,0,1,0
esm2_t36_3B_UR50D_idx232,0,1,0
esm2_t36_3B_UR50D_idx233,0,1,0
esm2_t36_3B_UR50D_idx234,0,1,0
esm2_t36_3B_UR50D_idx235,0,1,0
esm2_t36_3B_UR50D_idx236,0,1,0
esm2_t36_3B_UR50D_idx237,0,1,0
esm2_t36_3B_UR50D_idx238,0,1,0
esm2_t36_3B_UR50D_idx239,0,1,0
esm2_t36_3B_UR50D_idx240,0,1,0
esm2_t36_3B_UR50D_idx241,0,1,0
esm2_t36_3B_UR50D_idx242,0,1,0
esm2_t36_3B_UR50D_idx243,0,1,0
esm2_t36_3B_UR50D_idx244,0,1,0
esm2_t36_3B_UR50D_idx245,0,1,0
esm2_t36_3B_UR50D_idx246,0,1,0
esm2_t36_3B_UR50D_idx247,0,1,0
esm2_t36_3B_UR50D_idx248,0,1,0
esm2_t36_3B_UR50D_idx249,0,1,0
esm2_t36_3B_UR50D_idx250,0,1,0
esm2_t36_3B_UR50D_idx251,0,1,0
esm2_t36_3B_UR50D_idx252,0,1,0
esm2_t36_3B_UR50D_idx253,0,1,0
esm2_t36_3B_UR50D_idx254,0,1,0
esm2_t36_3B_UR50D_idx255,0,1,0
esm2_t36_3B_UR50D_idx256,0,1,0
esm2_t36_3B_UR50D_idx257,0,1,0
esm2_t36_3B_UR50D_idx258,0,1,0
esm2_t36_3B_UR50D_idx259,0,1,0
esm2_t36_3B_UR50D_idx260,0,1,0
esm2_t36_3B_UR50D_idx261,0,1,0
esm2_t36_3B_UR50D_idx262,0,1,0
esm2_t36_3B_UR50D_idx263,0,1,0
esm2_t36_3B_UR50D_idx264,0,1,0
esm2_t36_3B_UR50D_idx265,0,1,0
esm2_t36_3B_UR50D_idx266,0,1,0
esm2_t36_3B_UR50D_idx267,0,1,0
esm2_t36_3B_UR50D_idx268,0,1,0
esm2_t36_3B_UR50D_idx269,0,1,0
esm2_t36_3B_UR50D_idx270,0,1,0
esm2_t36_3B_UR50D_idx271,0,1,0
esm2_t36_3B_UR50D_idx272,0,1,0
esm2_t36_3B_UR50D_idx273,0,1,0
esm2_t36_3B_UR50D_idx274,0,1,0
esm2_t36_3B_UR50D_idx275,0,1,0
esm2_t36_3B_UR50D_idx276,0,1,0
esm2_t36_3B_UR50D_idx277,0,1,0
esm2_t36_3B_UR50D_idx278,0,1,0
esm2_t36_3B_UR50D_idx279,0,1,0
esm2_t36_3B_UR50D_idx280,0,1,0
esm2_t36_3B_UR50D_idx281,0,1,0
esm2_t36_3B_UR50D_idx282,0,1,0
esm2_t36_3B_UR50D_idx283,0,1,0
esm2_t36_3B_UR50D_idx284,0,1,0
esm2_t36_3B_UR50D_idx285,0,1,0
esm2_t36_3B_UR50D_idx286,0,1,0
esm2_t36_3B_UR50D_idx287,0,1,0
esm2_t36_3B_UR50D_idx288,0,1,0
esm2_t36_3B_UR50D_idx289,0,1,0
esm2_t36_3B_UR50D_idx290,0,1,0
esm2_t36_3B_UR50D_idx291,0,1,0
esm2_t36_3B_UR50D_idx292,0,1,0
esm2_t36_3B_UR50D_idx293,0,1,0
esm2_t36_3B_UR50D_idx294,0,1,0
esm2_t36_3B_UR50D_idx295,0,1,0
esm2_t36_3B_UR50D_idx296,0,1,0
esm2_t36_3B_UR50D_idx297,0,1,0
esm2_t36_3B_UR50D_idx298,0,1,0
esm2_t36_3B_UR50D_idx299,0,1,0
esm2_t36_3B_UR50D_idx300,0,1,0
esm2_t36_3B_UR50D_idx301,0,1,0
esm2_t36_3B_UR50D_idx302,0,1,0
esm2_t36_3B_UR50D_idx303,0,1,0
esm2_t36_3B_UR50D_idx304,0,1,0
esm2_t36_3B_UR50D_idx305,0,1,0
esm2_t36_3B_UR50D_idx306,0,1,0
esm2_t36_3B_UR50D_idx307,0,1,0
esm2_t36_3B_UR50D_idx308,0,1,0
esm2_t36_3B_UR50D_idx309,0,1,0
esm2_t36_3B_UR50D_idx310,0,1,0
esm2_t36_3B_UR50D_idx311,0,1,0
esm2_t36_3B_UR50D_idx312,0,1,0
esm2_t36_3B_UR50D_idx313,0,1,0
esm2_t36_3B_UR50D_idx314,0,1,0
esm2_t36_3B_UR50D_idx315,0,1,0
esm2_t36_3B_UR50D_idx316,0,1,0
esm2_t36_3B_UR50D_idx317,0,1,0
esm2_t36_3B_UR50D_idx318,0,1,0
esm2_t36_3B_UR50D_idx319,0,1,0
esm2_t36_3B_UR50D_idx320,0,1,0
esm2_t36_3B_UR50D_idx321,0,1,0
esm2_t36_3B_UR50D_idx322,0,1,0
esm2_t36_3B_UR50D_idx323,0,1,0
esm2_t36_3B_UR50D_idx324,0,1,0
esm2_t36_3B_UR50D_idx325,0,1,0
esm2_t36_3B_UR50D_idx326,0,1,0
esm2_t36_3B_UR50D_idx327,0,1,0
esm2_t36_3B_UR50D_idx328,0,1,0
esm2_t36_3B_UR50D_idx329,0,1,0
esm2_t36_3B_UR50D_idx330,0,1,0
esm2_t36_3B_UR50D_idx331,0,1,0
esm2_t36_3B_UR50D_idx332,0,1,0
esm2_t36_3B_UR50D_idx333,0,1,0
esm2_t36_3B_UR50D_idx334,0,1,0
esm2_t36_3B_UR50D_idx335,0,1,0
esm2_t36_3B_UR50D_idx336,0,1,0
esm2_t36_3B_UR50D_idx337,0,1,0
esm2_t36_3B_UR50D_idx338,0,1,0
esm2_t36_3B_UR50D_idx339,0,1,0
esm2_t36_3B_UR50D_idx340,0,1,0
esm2_t36_3B_UR50D_idx341,0,1,0
esm2_t36_3B_UR50D_idx342,0,1,0
esm2_t36_3B_UR50D_idx343,0,1,0
esm2_t36_3B_UR50D_idx344,0,1,0
esm2_t36_3B_UR50D_idx345,0,1,0
esm2_t36_3B_UR50D_idx346,0,1,0
esm2_t36_3B_UR50D_idx347,0,1,0
esm2_t36_3B_UR50D_idx348,0,1,0
esm2_t36_3B_UR50D_idx349,0,1,0
esm2_t36_3B_UR50D_idx350,0,1,0
esm2_t36_3B_UR50D_idx351,0,1,0
esm2_t36_3B_UR50D_idx352,0,1,0
esm2_t36_3B_UR50D_idx353,0,1,0
esm2_t36_3B_UR50D_idx354,0,1,0
esm2_t36_3B_UR50D_idx355,0,1,0
esm2_t36_3B_UR50D_idx356,0,1,0
esm2_t36_3B_UR50D_idx357,0,1,0
esm2_t36_3B_UR50D_idx358,0,1,0
esm2_t36_3B_UR50D_idx359,0,1,0
esm2_t36_3B_UR50D_idx360,0,1,0
esm2_t36_3B_UR50D_idx361,0,1,0
esm2_t36_3B_UR50D_idx362,0,1,0
esm2_t36_3B_UR50D_idx363,0,1,0
esm2_t36_3B_UR50D_idx364,0,1,0
esm2_t36_3B_UR50D_idx365,0,1,0
esm2_t36_3B_UR50D_idx366,0,1,0
esm2_t36_3B_UR50D_idx367,0,1,0
esm2_t36_3B_UR50D_idx368,0,1,0
esm2_t36_3B_UR50D_idx369,0,1,0
esm2_t36_3B_UR50D_idx370,0,1,0
esm2_t36_3B_UR50D_idx371,0,1,0
esm2_t36_3B_UR50D_idx372,0,1,0
esm2_t36_3B_UR50D_idx373,0,1,0
esm2_t36_3B_UR50D_idx374,0,1,0
esm2_t36_3B_UR50D_idx375,0,1,0
esm2_t36_3B_UR50D_idx376,0,1,0
esm2_t36_3B_UR50D_idx377,0,1,0
esm2_t36_3B_UR50D_idx378,0,1,0
esm2_t36_3B_UR50D_idx379,0,1,0
esm2_t36_3B_UR50D_idx380,0,1,0
esm2_t36_3B_UR50D_idx381,0,1,0
esm2_t36_3B_UR50D_idx382,0,1,0
esm2_t36_3B_UR50D_idx383,0,1,0
esm2_t36_3B_UR50D_idx384,0,1,0
esm2_t36_3B_UR50D_idx385,0,1,0
esm2_t36_3B_UR50D_idx386,0,1,0
esm2_t36_3B_UR50D_idx387,0,1,0
esm2_t36_3B_UR50D_idx388,0,1,0
esm2_t36_3B_UR50D_idx389,0,1,0
esm2_t36_3B_UR50D_idx390,0,1,0
esm2_t36_3B_UR50D_idx391,0,1,0
esm2_t36_3B_UR50D_idx392,0,1,0
esm2_t36_3B_UR50D_idx393,0,1,0
esm2_t36_3B_UR50D_idx394,0,1,0
esm2_t36_3B_UR50D_idx395,0,1,0
esm2_t36_3B_UR50D_idx396,0,1,0
esm2_t36_3B_UR50D_idx397,0,1,0
esm2_t36_3B_UR50D_idx398,0,1,0
esm2_t36_3B_UR50D_idx399,0,1,0
esm2_t36_3B_UR50D_idx400,0,1,0
esm2_t36_3B_UR50D_idx401,0,1,0
esm2_t36_3B_UR50D_idx402,0,1,0
esm2_t36_3B_UR50D_idx403,0,1,0
esm2_t36_3B_UR50D_idx404,0,1,0
esm2_t36_3B_UR50D_idx405,0,1,0
esm2_t36_3B_UR50D_idx406,0,1,0
esm2_t36_3B_UR50D_idx407,0,1,0
esm2_t36_3B_UR50D_idx408,0,1,0
esm2_t36_3B_UR50D_idx409,0,1,0
esm2_t36_3B_UR50D_idx410,0,1,0
esm2_t36_3B_UR50D_idx411,0,1,0
esm2_t36_3B_UR50D_idx412,0,1,0
esm2_t36_3B_UR50D_idx413,0,1,0
esm2_t36_3B_UR50D_idx414,0,1,0
esm2_t36_3B_UR50D_idx415,0,1,0
esm2_t36_3B_UR50D_idx416,0,1,0
esm2_t36_3B_UR50D_idx417,0,1,0
esm2_t36_3B_UR50D_idx418,0,1,0
esm2_t36_3B_UR50D_idx419,0,1,0
esm2_t36_3B_UR50D_idx420,0,1,0
esm2_t36_3B_UR50D_idx421,0,1,0
esm2_t36_3B_UR50D_idx422,0,1,0
esm2_t36_3B_UR50D_idx423,0,1,0
esm2_t36_3B_UR50D_idx424,0,1,0
esm2_t36_3B_UR50D_idx425,0,1,0
esm2_t36_3B_UR50D_idx426,0,1,0
esm2_t36_3B_UR50D_idx427,0,1,0
esm2_t36_3B_UR50D_idx428,0,1,0
esm2_t36_3B_UR50D_idx429,0,1,0
esm2_t36_3B_UR50D_idx430,0,1,0
esm2_t36_3B_UR50D_idx431,0,1,0
esm2_t36_3B_UR50D_idx432,0,1,0
esm2_t36_3B_UR50D_idx433,0,1,0
esm2_t36_3B_UR50D_idx434,0,1,0
esm2_t36_3B_UR50D_idx435,0,1,0
esm2_t36_3B_UR50D_idx436,0,1,0
esm2_t36_3B_UR50D_idx437,0,1,0
esm2_t36_3B_UR50D_idx438,0,1,0
esm2_t36_3B_UR50D_idx439,0,1,0
esm2_t36_3B_UR50D_idx440,0,1,0
esm2_t36_3B_UR50D_idx441,0,1,0
esm2_t36_3B_UR50D_idx442,0,1,0
esm2_t36_3B_UR50D_idx443,0,1,0
esm2_t36_3B_UR50D_idx444,0,1,0
esm2_t36_3B_UR50D_idx445,0,1,0
esm2_t36_3B_UR50D_idx446,0,1,0
esm2_t36_3B_UR50D_idx447,0,1,0
esm2_t36_3B_UR50D_idx448,0,1,0
esm2_t36_3B_UR50D_idx449,0,1,0
esm2_t36_3B_UR50D_idx450,0,1,0
esm2_t36_3B_UR50D_idx451,0,1,0
esm2_t36_3B_UR50D_idx452,0,1,0
esm2_t36_3B_UR50D_idx453,0,1,0
esm2_t36_3B_UR50D_idx454,0,1,0
esm2_t36_3B_UR50D_idx455,0,1,0
esm2_t36_3B_UR50D_idx456,0,1,0
esm2_t36_3B_UR50D_idx457,0,1,0
esm2_t36_3B_UR50D_idx458,0,1,0
esm2_t36_3B_UR50D_idx459,0,1,0
esm2_t36_3B_UR50D_idx460,0,1,0
esm2_t36_3B_UR50D_idx461,0,1,0
esm2_t36_3B_UR50D_idx462,0,1,0
esm2_t36_3B_UR50D_idx463,0,1,0
esm2_t36_3B_UR50D_idx464,0,1,0
esm2_t36_3B_UR50D_idx465,0,1,0
esm2_t36_3B_UR50D_idx466,0,1,0
esm2_t36_3B_UR50D_idx467,0,1,0
esm2_t36_3B_UR50D_idx468,0,1,0
esm2_t36_3B_UR50D_idx469,0,1,0
esm2_t36_3B_UR50D_idx470,0,1,0
esm2_t36_3B_UR50D_idx471,0,1,0
esm2_t36_3B_UR50D_idx472,0,1,0
esm2_t36_3B_UR50D_idx473,0,1,0
esm2_t36_3B_UR50D_idx474,0,1,0
esm2_t36_3B_UR50D_idx475,0,1,0
esm2_t36_3B_UR50D_idx476,0,1,0
esm2_t36_3B_UR50D_idx477,0,1,0
esm2_t36_3B_UR50D_idx478,0,1,0
esm2_t36_3B_UR50D_idx479,0,1,0
esm2_t36_3B_UR50D_idx480,0,1,0
esm2_t36_3B_UR50D_idx481,0,1,0
esm2_t36_3B_UR50D_idx482,0,1,0
esm2_t36_3B_UR50D_idx483,0,1,0
esm2_t36_3B_UR50D_idx484,0,1,0
esm2_t36_3B_UR50D_idx485,0,1,0
esm2_t36_3B_UR50D_idx486,0,1,0
esm2_t36_3B_UR50D_idx487,0,1,0
esm2_t36_3B_UR50D_idx488,0,1,0
esm2_t36_3B_UR50D_idx489,0,1,0
esm2_t36_3B_UR50D_idx490,0,1,0
esm2_t36_3B_UR50D_idx491,0,1,0
esm2_t36_3B_UR50D_idx492,0,1,0
esm2_t36_3B_UR50D_idx493,0,1,0
esm2_t36_3B_UR50D_idx494,0,1,0
esm2_t36_3B_UR50D_idx495,0,1,0
esm2_t36_3B_UR50D_idx496,0,1,0
esm2_t36_3B_UR50D_idx497,0,1,0
esm2_t36_3B_UR50D_idx498,0,1,0
esm2_t36_3B_UR50D_idx499,0,1,0
esm2_t36_3B_UR50D_idx500,0,1,0
esm2_t36_3B_UR50D_idx501,0,1,0
esm2_t36_3B_UR50D_idx502,0,1,0
esm2_t36_3B_UR50D_idx503,0,1,0
esm2_t36_3B_UR50D_idx504,0,1,0
esm2_t36_3B_UR50D_idx505,0,1,0
esm2_t36_3B_UR50D_idx506,0,1,0
esm2_t36_3B_UR50D_idx507,0,1,0
esm2_t36_3B_UR50D_idx508,0,1,0
esm2_t36_3B_UR50D_idx509,0,1,0
esm2_t36_3B_UR50D_idx510,0,1,0
esm2_t36_3B_UR50D_idx511,0,1,0
esm2_t36_3B_UR50D_idx512,0,1,0
esm2_t36_3B_UR50D_idx513,0,1,0
esm2_t36_3B_UR50D_idx514,0,1,0
esm2_t36_3B_UR50D_idx515,0,1,0
esm2_t36_3B_UR50D_idx516,0,1,0
esm2_t36_3B_UR50D_idx517,0,1,0
esm2_t36_3B_UR50D_idx518,0,1,0
esm2_t36_3B_UR50D_idx519,0,1,0
esm2_t36_3B_UR50D_idx520,0,1,0
esm2_t36_3B_UR50D_idx521,0,1,0
esm2_t36_3B_UR50D_idx522,0,1,0
esm2_t36_3B_UR50D_idx523,0,1,0
esm2_t36_3B_UR50D_idx524,0,1,0
esm2_t36_3B_UR50D_idx525,0,1,0
esm2_t36_3B_UR50D_idx526,0,1,0
esm2_t36_3B_UR50D_idx527,0,1,0
esm2_t36_3B_UR50D_idx528,0,1,0
esm2_t36_3B_UR50D_idx529,0,1,0
esm2_t36_3B_UR50D_idx530,0,1,0
esm2_t36_3B_UR50D_idx531,0,1,0
esm2_t36_3B_UR50D_idx532,0,1,0
esm2_t36_3B_UR50D_idx533,0,1,0
esm2_t36_3B_UR50D_idx534,0,1,0
esm2_t36_3B_UR50D_idx535,0,1,0
esm2_t36_3B_UR50D_idx536,0,1,0
esm2_t36_3B_UR50D_idx537,0,1,0
esm2_t36_3B_UR50D_idx538,0,1,0
esm2_t36_3B_UR50D_idx539,0,1,0
esm2_t36_3B_UR50D_idx540,0,1,0
esm2_t36_3B_UR50D_idx541,0,1,0
esm2_t36_3B_UR50D_idx542,0,1,0
esm2_t36_3B_UR50D_idx543,0,1,0
esm2_t36_3B_UR50D_idx544,0,1,0
esm2_t36_3B_UR50D_idx545,0,1,0
esm2_t36_3B_UR50D_idx546,0,1,0
esm2_t36_3B_UR50D_idx547,0,1,0
esm2_t36_3B_UR50D_idx548,0,1,0
esm2_t36_3B_UR50D_idx549,0,1,0
esm2_t36_3B_UR50D_idx550,0,1,0
esm2_t36_3B_UR50D_idx551,0,1,0
esm2_t36_3B_UR50D_idx552,0,1,0
esm2_t36_3B_UR50D_idx553,0,1,0
esm2_t36_3B_UR50D_idx554,0,1,0
esm2_t36_3B_UR50D_idx555,0,1,0
esm2_t36_3B_UR50D_idx556,0,1,0
esm2_t36_3B_UR50D_idx557,0,1,0
esm2_t36_3B_UR50D_idx558,0,1,0
esm2_t36_3B_UR50D_idx559,0,1,0
esm2_t36_3B_UR50D_idx560,0,1,0
esm2_t36_3B_UR50D_idx561,0,1,0
esm2_t36_3B_UR50D_idx562,0,1,0
esm2_t36_3B_UR50D_idx563,0,1,0
esm2_t36_3B_UR50D_idx564,0,1,0
esm2_t36_3B_UR50D_idx565,0,1,0
esm2_t36_3B_UR50D_idx566,0,1,0
esm2_t36_3B_UR50D_idx567,0,1,0
esm2_t36_3B_UR50D_idx568,0,1,0
esm2_t36_3B_UR50D_idx569,0,1,0
esm2_t36_3B_UR50D_idx570,0,1,0
esm2_t36_3B_UR50D_idx571,0,1,0
esm2_t36_3B_UR50D_idx572,0,1,0
esm2_t36_3B_UR50D_idx573,0,1,0
esm2_t36_3B_UR50D_idx574,0,1,0
esm2_t36_3B_UR50D_idx575,0,1,0
esm2_t36_3B_UR50D_idx576,0,1,0
esm2_t36_3B_UR50D_idx577,0,1,0
esm2_t36_3B_UR50D_idx578,0,1,0
esm2_t36_3B_UR50D_idx579,0,1,0
esm2_t36_3B_UR50D_idx580,0,1,0
esm2_t36_3B_UR50D_idx581,0,1,0
esm2_t36_3B_UR50D_idx582,0,1,0
esm2_t36_3B_UR50D_idx583,0,1,0
esm2_t36_3B_UR50D_idx584,0,1,0
esm2_t36_3B_UR50D_idx585,0,1,0
esm2_t36_3B_UR50D_idx586,0,1,0
esm2_t36_3B_UR50D_idx587,0,1,0
esm2_t36_3B_UR50D_idx588,0,1,0
esm2_t36_3B_UR50D_idx589,0,1,0
esm2_t36_3B_UR50D_idx590,0,1,0
esm2_t36_3B_UR50D_idx591,0,1,0
esm2_t36_3B_UR50D_idx592,0,1,0
esm2_t36_3B_UR50D_idx593,0,1,0
esm2_t36_3B_UR50D_idx594,0,1,0
esm2_t36_3B_UR50D_idx595,0,1,0
esm2_t36_3B_UR50D_idx596,0,1,0
esm2_t36_3B_UR50D_idx597,0,1,0
esm2_t36_3B_UR50D_idx598,0,1,0
esm2_t36_3B_UR50D_idx599,0,1,0
esm2_t36_3B_UR50D_idx600,0,1,0
esm2_t36_3B_UR50D_idx601,0,1,0
esm2_t36_3B_UR50D_idx602,0,1,0
esm2_t36_3B_UR50D_idx603,0,1,0
esm2_t36_3B_UR50D_idx604,0,1,0
esm2_t36_3B_UR50D_idx605,0,1,0
esm2_t36_3B_UR50D_idx606,0,1,0
esm2_t36_3B_UR50D_idx607,0,1,0
esm2_t36_3B_UR50D_idx608,0,1,0
esm2_t36_3B_UR50D_idx609,0,1,0
esm2_t36_3B_UR50D_idx610,0,1,0
esm2_t36_3B_UR50D_idx611,0,1,0
esm2_t36_3B_UR50D_idx612,0,1,0
esm2_t36_3B_UR50D_idx613,0,1,0
esm2_t36_3B_UR50D_idx614,0,1,0
esm2_t36_3B_UR50D_idx615,0,1,0
esm2_t36_3B_UR50D_idx616,0,1,0
esm2_t36_3B_UR50D_idx617,0,1,0
esm2_t36_3B_UR50D_idx618,0,1,0
esm2_t36_3B_UR50D_idx619,0,1,0
esm2_t36_3B_UR50D_idx620,0,1,0
esm2_t36_3B_UR50D_idx621,0,1,0
esm2_t36_3B_UR50D_idx622,0,1,0
esm2_t36_3B_UR50D_idx623,0,1,0
esm2_t36_3B_UR50D_idx624,0,1,0
esm2_t36_3B_UR50D_idx625,0,1,0
esm2_t36_3B_UR50D_idx626,0,1,0
esm2_t36_3B_UR50D_idx627,0,1,0
esm2_t36_3B_UR50D_idx628,0,1,0
esm2_t36_3B_UR50D_idx629,0,1,0
esm2_t36_3B_UR50D_idx630,0,1,0
esm2_t36_3B_UR50D_idx631,0,1,0
esm2_t36_3B_UR50D_idx632,0,1,0
esm2_t36_3B_UR50D_idx633,0,1,0
esm2_t36_3B_UR50D_idx634,0,1,0
esm2_t36_3B_UR50D_idx635,0,1,0
esm2_t36_3B_UR50D_idx636,0,1,0
esm2_t36_3B_UR50D_idx637,0,1,0
esm2_t36_3B_UR50D_idx638,0,1,0
esm2_t36_3B_UR50D_idx639,0,1,0
esm2_t36_3B_UR50D_idx640,0,1,0
esm2_t36_3B_UR50D_idx641,0,1,0
esm2_t36_3B_UR50D_idx642,0,1,0
esm2_t36_3B_UR50D_idx643,0,1,0
esm2_t36_3B_UR50D_idx644,0,1,0
esm2_t36_3B_UR50D_idx645,0,1,0
esm2_t36_3B_UR50D_idx646,0,1,0
esm2_t36_3B_UR50D_idx647,0,1,0
esm2_t36_3B_UR50D_idx648,0,1,0
esm2_t36_3B_UR50D_idx649,0,1,0
esm2_t36_3B_UR50D_idx650,0,1,0
esm2_t36_3B_UR50D_idx651,0,1,0
esm2_t36_3B_UR50D_idx652,0,1,0
esm2_t36_3B_UR50D_idx653,0,1,0
esm2_t36_3B_UR50D_idx654,0,1,0
esm2_t36_3B_UR50D_idx655,0,1,0
esm2_t36_3B_UR50D_idx656,0,1,0
esm2_t36_3B_UR50D_idx657,0,1,0
esm2_t36_3B_UR50D_idx658,0,1,0
esm2_t36_3B_UR50D_idx659,0,1,0
esm2_t36_3B_UR50D_idx660,0,1,0
esm2_t36_3B_UR50D_idx661,0,1,0
esm2_t36_3B_UR50D_idx662,0,1,0
esm2_t36_3B_UR50D_idx663,0,1,0
esm2_t36_3B_UR50D_idx664,0,1,0
esm2_t36_3B_UR50D_idx665,0,1,0
esm2_t36_3B_UR50D_idx666,0,1,0
esm2_t36_3B_UR50D_idx667,0,1,0
esm2_t36_3B_UR50D_idx668,0,1,0
esm2_t36_3B_UR50D_idx669,0,1,0
esm2_t36_3B_UR50D_idx670,0,1,0
esm2_t36_3B_UR50D_idx671,0,1,0
esm2_t36_3B_UR50D_idx672,0,1,0
esm2_t36_3B_UR50D_idx673,0,1,0
esm2_t36_3B_UR50D_idx674,0,1,0
esm2_t36_3B_UR50D_idx675,0,1,0
esm2_t36_3B_UR50D_idx676,0,1,0
esm2_t36_3B_UR50D_idx677,0,1,0
esm2_t36_3B_UR50D_idx678,0,1,0
esm2_t36_3B_UR50D_idx679,0,1,0
esm2_t36_3B_UR50D_idx680,0,1,0
esm2_t36_3B_UR50D_idx681,0,1,0
esm2_t36_3B_UR50D_idx682,0,1,0
esm2_t36_3B_UR50D_idx683,0,1,0
esm2_t36_3B_UR50D_idx684,0,1,0
esm2_t36_3B_UR50D_idx685,0,1,0
esm2_t36_3B_UR50D_idx686,0,1,0
esm2_t36_3B_UR50D_idx687,0,1,0
esm2_t36_3B_UR50D_idx688,0,1,0
esm2_t36_3B_UR50D_idx689,0,1,0
esm2_t36_3B_UR50D_idx690,0,1,0
esm2_t36_3B_UR50D_idx691,0,1,0
esm2_t36_3B_UR50D_idx692,0,1,0
esm2_t36_3B_UR50D_idx693,0,1,0
esm2_t36_3B_UR50D_idx694,0,1,0
esm2_t36_3B_UR50D_idx695,0,1,0
esm2_t36_3B_UR50D_idx696,0,1,0
esm2_t36_3B_UR50D_idx697,0,1,0
esm2_t36_3B_UR50D_idx698,0,1,0
esm2_t36_3B_UR50D_idx699,0,1,0
esm2_t36_3B_UR50D_idx700,0,1,0
esm2_t36_3B_UR50D_idx701,0,1,0
esm2_t36_3B_UR50D_idx702,0,1,0
esm2_t36_3B_UR50D_idx703,0,1,0
esm2_t36_3B_UR50D_idx704,0,1,0
esm2_t36_3B_UR50D_idx705,0,1,0
esm2_t36_3B_UR50D_idx706,0,1,0
esm2_t36_3B_UR50D_idx707,0,1,0
esm2_t36_3B_UR50D_idx708,0,1,0
esm2_t36_3B_UR50D_idx709,0,1,0
esm2_t36_3B_UR50D_idx710,0,1,0
esm2_t36_3B_UR50D_idx711,0,1,0
esm2_t36_3B_UR50D_idx712,0,1,0
esm2_t36_3B_UR50D_idx713,0,1,0
esm2_t36_3B_UR50D_idx714,0,1,0
esm2_t36_3B_UR50D_idx715,0,1,0
esm2_t36_3B_UR50D_idx716,0,1,0
esm2_t36_3B_UR50D_idx717,0,1,0
esm2_t36_3B_UR50D_idx718,0,1,0
esm2_t36_3B_UR50D_idx719,0,1,0
esm2_t36_3B_UR50D_idx720,0,1,0
esm2_t36_3B_UR50D_idx721,0,1,0
esm2_t36_3B_UR50D_idx722,0,1,0
esm2_t36_3B_UR50D_idx723,0,1,0
esm2_t36_3B_UR50D_idx724,0,1,0
esm2_t36_3B_UR50D_idx725,0,1,0
esm2_t36_3B_UR50D_idx726,0,1,0
esm2_t36_3B_UR50D_idx727,0,1,0
esm2_t36_3B_UR50D_idx728,0,1,0
esm2_t36_3B_UR50D_idx729,0,1,0
esm2_t36_3B_UR50D_idx730,0,1,0
esm2_t36_3B_UR50D_idx731,0,1,0
esm2_t36_3B_UR50D_idx732,0,1,0
esm2_t36_3B_UR50D_idx733,0,1,0
esm2_t36_3B_UR50D_idx734,0,1,0
esm2_t36_3B_UR50D_idx735,0,1,0
esm2_t36_3B_UR50D_idx736,0,1,0
esm2_t36_3B_UR50D_idx737,0,1,0
esm2_t36_3B_UR50D_idx738,0,1,0
esm2_t36_3B_UR50D_idx739,0,1,0
esm2_t36_3B_UR50D_idx740,0,1,0
esm2_t36_3B_UR50D_idx741,0,1,0
esm2_t36_3B_UR50D_idx742,0,1,0
esm2_t36_3B_UR50D_idx743,0,1,0
esm2_t36_3B_UR50D_idx744,0,1,0
esm2_t36_3B_UR50D_idx745,0,1,0
esm2_t36_3B_UR50D_idx746,0,1,0
esm2_t36_3B_UR50D_idx747,0,1,0
esm2_t36_3B_UR50D_idx748,0,1,0
esm2_t36_3B_UR50D_idx749,0,1,0
esm2_t36_3B_UR50D_idx750,0,1,0
esm2_t36_3B_UR50D_idx751,0,1,0
esm2_t36_3B_UR50D_idx752,0,1,0
esm2_t36_3B_UR50D_idx753,0,1,0
esm2_t36_3B_UR50D_idx754,0,1,0
esm2_t36_3B_UR50D_idx755,0,1,0
esm2_t36_3B_UR50D_idx756,0,1,0
esm2_t36_3B_UR50D_idx757,0,1,0
esm2_t36_3B_UR50D_idx758,0,1,0
esm2_t36_3B_UR50D_idx759,0,1,0
esm2_t36_3B_UR50D_idx760,0,1,0
esm2_t36_3B_UR50D_idx761,0,1,0
esm2_t36_3B_UR50D_idx762,0,1,0
esm2_t36_3B_UR50D_idx763,0,1,0
esm2_t36_3B_UR50D_idx764,0,1,0
esm2_t36_3B_UR50D_idx765,0,1,0
esm2_t36_3B_UR50D_idx766,0,1,0
esm2_t36_3B_UR50D_idx767,0,1,0
esm2_t36_3B_UR50D_idx768,0,1,0
esm2_t36_3B_UR50D_idx769,0,1,0
esm2_t36_3B_UR50D_idx770,0,1,0
esm2_t36_3B_UR50D_idx771,0,1,0
esm2_t36_3B_UR50D_idx772,0,1,0
esm2_t36_3B_UR50D_idx773,0,1,0
esm2_t36_3B_UR50D_idx774,0,1,0
esm2_t36_3B_UR50D_idx775,0,1,0
esm2_t36_3B_UR50D_idx776,0,1,0
esm2_t36_3B_UR50D_idx777,0,1,0
esm2_t36_3B_UR50D_idx778,0,1,0
esm2_t36_3B_UR50D_idx779,0,1,0
esm2_t36_3B_UR50D_idx780,0,1,0
esm2_t36_3B_UR50D_idx781,0,1,0
esm2_t36_3B_UR50D_idx782,0,1,0
esm2_t36_3B_UR50D_idx783,0,1,0
esm2_t36_3B_UR50D_idx784,0,1,0
esm2_t36_3B_UR50D_idx785,0,1,0
esm2_t36_3B_UR50D_idx786,0,1,0
esm2_t36_3B_UR50D_idx787,0,1,0
esm2_t36_3B_UR50D_idx788,0,1,0
esm2_t36_3B_UR50D_idx789,0,1,0
esm2_t36_3B_UR50D_idx790,0,1,0
esm2_t36_3B_UR50D_idx791,0,1,0
esm2_t36_3B_UR50D_idx792,0,1,0
esm2_t36_3B_UR50D_idx793,0,1,0
esm2_t36_3B_UR50D_idx794,0,1,0
esm2_t36_3B_UR50D_idx795,0,1,0
esm2_t36_3B_UR50D_idx796,0,1,0
esm2_t36_3B_UR50D_idx797,0,1,0
esm2_t36_3B_UR50D_idx798,0,1,0
esm2_t36_3B_UR50D_idx799,0,1,0
esm2_t36_3B_UR50D_idx800,0,1,0
esm2_t36_3B_UR50D_idx801,0,1,0
esm2_t36_3B_UR50D_idx802,0,1,0
esm2_t36_3B_UR50D_idx803,0,1,0
esm2_t36_3B_UR50D_idx804,0,1,0
esm2_t36_3B_UR50D_idx805,0,1,0
esm2_t36_3B_UR50D_idx806,0,1,0
esm2_t36_3B_UR50D_idx807,0,1,0
esm2_t36_3B_UR50D_idx808,0,1,0
esm2_t36_3B_UR50D_idx809,0,1,0
esm2_t36_3B_UR50D_idx810,0,1,0
esm2_t36_3B_UR50D_idx811,0,1,0
esm2_t36_3B_UR50D_idx812,0,1,0
esm2_t36_3B_UR50D_idx813,0,1,0
esm2_t36_3B_UR50D_idx814,0,1,0
esm2_t36_3B_UR50D_idx815,0,1,0
esm2_t36_3B_UR50D_idx816,0,1,0
esm2_t36_3B_UR50D_idx817,0,1,0
esm2_t36_3B_UR50D_idx818,0,1,0
esm2_t36_3B_UR50D_idx819,0,1,0
esm2_t36_3B_UR50D_idx820,0,1,0
esm2_t36_3B_UR50D_idx821,0,1,0
esm2_t36_3B_UR50D_idx822,0,1,0
esm2_t36_3B_UR50D_idx823,0,1,0
esm2_t36_3B_UR50D_idx824,0,1,0
esm2_t36_3B_UR50D_idx825,0,1,0
esm2_t36_3B_UR50D_idx826,0,1,0
esm2_t36_3B_UR50D_idx827,0,1,0
esm2_t36_3B_UR50D_idx828,0,1,0
esm2_t36_3B_UR50D_idx829,0,1,0
esm2_t36_3B_UR50D_idx830,0,1,0
esm2_t36_3B_UR50D_idx831,0,1,0
esm2_t36_3B_UR50D_idx832,0,1,0
esm2_t36_3B_UR50D_idx833,0,1,0
esm2_t36_3B_UR50D_idx834,0,1,0
esm2_t36_3B_UR50D_idx835,0,1,0
esm2_t36_3B_UR50D_idx836,0,1,0
esm2_t36_3B_UR50D_idx837,0,1,0
esm2_t36_3B_UR50D_idx838,0,1,0
esm2_t36_3B_UR50D_idx839,0,1,0
esm2_t36_3B_UR50D_idx840,0,1,0
esm2_t36_3B_UR50D_idx841,0,1,0
esm2_t36_3B_UR50D_idx842,0,1,0
esm2_t36_3B_UR50D_idx843,0,1,0
esm2_t36_3B_UR50D_idx844,0,1,0
esm2_t36_3B_UR50D_idx845,0,1,0
esm2_t36_3B_UR50D_idx846,0,1,0
esm2_t36_3B_UR50D_idx847,0,1,0
esm2_t36_3B_UR50D_idx848,0,1,0
esm2_t36_3B_UR50D_idx849,0,1,0
esm2_t36_3B_UR50D_idx850,0,1,0
esm2_t36_3B_UR50D_idx851,0,1,0
esm2_t36_3B_UR50D_idx852,0,1,0
esm2_t36_3B_UR50D_idx853,0,1,0
esm2_t36_3B_UR50D_idx854,0,1,0
esm2_t36_3B_UR50D_idx855,0,1,0
esm2_t36_3B_UR50D_idx856,0,1,0
esm2_t36_3B_UR50D_idx857,0,1,0
esm2_t36_3B_UR50D_idx858,0,1,0
esm2_t36_3B_UR50D_idx859,0,1,0
esm2_t36_3B_UR50D_idx860,0,1,0
esm2_t36_3B_UR50D_idx861,0,1,0
esm2_t36_3B_UR50D_idx862,0,1,0
esm2_t36_3B_UR50D_idx863,0,1,0
esm2_t36_3B_UR50D_idx864,0,1,0
esm2_t36_3B_UR50D_idx865,0,1,0
esm2_t36_3B_UR50D_idx866,0,1,0
esm2_t36_3B_UR50D_idx867,0,1,0
esm2_t36_3B_UR50D_idx868,0,1,0
esm2_t36_3B_UR50D_idx869,0,1,0
esm2_t36_3B_UR50D_idx870,0,1,0
esm2_t36_3B_UR50D_idx871,0,1,0
esm2_t36_3B_UR50D_idx872,0,1,0
esm2_t36_3B_UR50D_idx873,0,1,0
esm2_t36_3B_UR50D_idx874,0,1,0
esm2_t36_3B_UR50D_idx875,0,1,0
esm2_t36_3B_UR50D_idx876,0,1,0
esm2_t36_3B_UR50D_idx877,0,1,0
esm2_t36_3B_UR50D_idx878,0,1,0
esm2_t36_3B_UR50D_idx879,0,1,0
esm2_t36_3B_UR50D_idx880,0,1,0
esm2_t36_3B_UR50D_idx881,0,1,0
esm2_t36_3B_UR50D_idx882,0,1,0
esm2_t36_3B_UR50D_idx883,0,1,0
esm2_t36_3B_UR50D_idx884,0,1,0
esm2_t36_3B_UR50D_idx885,0,1,0
esm2_t36_3B_UR50D_idx886,0,1,0
esm2_t36_3B_UR50D_idx887,0,1,0
esm2_t36_3B_UR50D_idx888,0,1,0
esm2_t36_3B_UR50D_idx889,0,1,0
esm2_t36_3B_UR50D_idx890,0,1,0
esm2_t36_3B_UR50D_idx891,0,1,0
esm2_t36_3B_UR50D_idx892,0,1,0
esm2_t36_3B_UR50D_idx893,0,1,0
esm2_t36_3B_UR50D_idx894,0,1,0
esm2_t36_3B_UR50D_idx895,0,1,0
esm2_t36_3B_UR50D_idx896,0,1,0
esm2_t36_3B_UR50D_idx897,0,1,0
esm2_t36_3B_UR50D_idx898,0,1,0
esm2_t36_3B_UR50D_idx899,0,1,0
esm2_t36_3B_UR50D_idx900,0,1,0
esm2_t36_3B_UR50D_idx901,0,1,0
esm2_t36_3B_UR50D_idx902,0,1,0
esm2_t36_3B_UR50D_idx903,0,1,0
esm2_t36_3B_UR50D_idx904,0,1,0
esm2_t36_3B_UR50D_idx905,0,1,0
esm2_t36_3B_UR50D_idx906,0,1,0
esm2_t36_3B_UR50D_idx907,0,1,0
esm2_t36_3B_UR50D_idx908,0,1,0
esm2_t36_3B_UR50D_idx909,0,1,0
esm2_t36_3B_UR50D_idx910,0,1,0
esm2_t36_3B_UR50D_idx911,0,1,0
esm2_t36_3B_UR50D_idx912,0,1,0
esm2_t36_3B_UR50D_idx913,0,1,0
esm2_t36_3B_UR50D_idx914,0,1,0
esm2_t36_3B_UR50D_idx915,0,1,0
esm2_t36_3B_UR50D_idx916,0,1,0
esm2_t36_3B_UR50D_idx917,0,1,0
esm2_t36_3B_UR50D_idx918,0,1,0
esm2_t36_3B_UR50D_idx919,0,1,0
esm2_t36_3B_UR50D_idx920,0,1,0
esm2_t36_3B_UR50D_idx921,0,1,0
esm2_t36_3B_UR50D_idx922,0,1,0
esm2_t36_3B_UR50D_idx923,0,1,0
esm2_t36_3B_UR50D_idx924,0,1,0
esm2_t36_3B_UR50D_idx925,0,1,0
esm2_t36_3B_UR50D_idx926,0,1,0
esm2_t36_3B_UR50D_idx927,0,1,0
esm2_t36_3B_UR50D_idx928,0,1,0
esm2_t36_3B_UR50D_idx929,0,1,0
esm2_t36_3B_UR50D_idx930,0,1,0
esm2_t36_3B_UR50D_idx931,0,1,0
esm2_t36_3B_UR50D_idx932,0,1,0
esm2_t36_3B_UR50D_idx933,0,1,0
esm2_t36_3B_UR50D_idx934,0,1,0
esm2_t36_3B_UR50D_idx935,0,1,0
esm2_t36_3B_UR50D_idx936,0,1,0
esm2_t36_3B_UR50D_idx937,0,1,0
esm2_t36_3B_UR50D_idx938,0,1,0
esm2_t36_3B_UR50D_idx939,0,1,0
esm2_t36_3B_UR50D_idx940,0,1,0
esm2_t36_3B_UR50D_idx941,0,1,0
esm2_t36_3B_UR50D_idx942,0,1,0
esm2_t36_3B_UR50D_idx943,0,1,0
esm2_t36_3B_UR50D_idx944,0,1,0
esm2_t36_3B_UR50D_idx945,0,1,0
esm2_t36_3B_UR50D_idx946,0,1,0
esm2_t36_3B_UR50D_idx947,0,1,0
esm2_t36_3B_UR50D_idx948,0,1,0
esm2_t36_3B_UR50D_idx949,0,1,0
esm2_t36_3B_UR50D_idx950,0,1,0
esm2_t36_3B_UR50D_idx951,0,1,0
esm2_t36_3B_UR50D_idx952,0,1,0
esm2_t36_3B_UR50D_idx953,0,1,0
esm2_t36_3B_UR50D_idx954,0,1,0
esm2_t36_3B_UR50D_idx955,0,1,0
esm2_t36_3B_UR50D_idx956,0,1,0
esm2_t36_3B_UR50D_idx957,0,1,0
esm2_t36_3B_UR50D_idx958,0,1,0
esm2_t36_3B_UR50D_idx959,0,1,0
esm2_t36_3B_UR50D_idx960,0,1,0
esm2_t36_3B_UR50D_idx961,0,1,0
esm2_t36_3B_UR50D_idx962,0,1,0
esm2_t36_3B_UR50D_idx963,0,1,0
esm2_t36_3B_UR50D_idx964,0,1,0
esm2_t36_3B_UR50D_idx965,0,1,0
esm2_t36_3B_UR50D_idx966,0,1,0
esm2_t36_3B_UR50D_idx967,0,1,0
esm2_t36_3B_UR50D_idx968,0,1,0
esm2_t36_3B_UR50D_idx969,0,1,0
esm2_t36_3B_UR50D_idx970,0,1,0
esm2_t36_3B_UR50D_idx971,0,1,0
esm2_t36_3B_UR50D_idx972,0,1,0
esm2_t36_3B_UR50D_idx973,0,1,0
esm2_t36_3B_UR50D_idx974,0,1,0
esm2_t36_3B_UR50D_idx975,0,1,0
esm2_t36_3B_UR50D_idx976,0,1,0
esm2_t36_3B_UR50D_idx977,0,1,0
esm2_t36_3B_UR50D_idx978,0,1,0
esm2_t36_3B_UR50D_idx979,0,1,0
esm2_t36_3B_UR50D_idx980,0,1,0
esm2_t36_3B_UR50D_idx981,0,1,0
esm2_t36_3B_UR50D_idx982,0,1,0
esm2_t36_3B_UR50D_idx983,0,1,0
esm2_t36_3B_UR50D_idx984,0,1,0
esm2_t36_3B_UR50D_idx985,0,1,0
esm2_t36_3B_UR50D_idx986,0,1,0
esm2_t36_3B_UR50D_idx987,0,1,0
esm2_t36_3B_UR50D_idx988,0,1,0
esm2_t36_3B_UR50D_idx989,0,1,0
esm2_t36_3B_UR50D_idx990,0,1,0
esm2_t36_3B_UR50D_idx991,0,1,0
esm2_t36_3B_UR50D_idx992,0,1,0
esm2_t36_3B_UR50D_idx993,0,1,0
esm2_t36_3B_UR50D_idx994,0,1,0
esm2_t36_3B_UR50D_idx995,0,1,0
esm2_t36_3B_UR50D_idx996,0,1,0
esm2_t36_3B_UR50D_idx997,0,1,0
esm2_t36_3B_UR50D_idx998,0,1,0
esm2_t36_3B_UR50D_idx999,0,1,0
esm2_t36_3B_UR50D_idx1000,0,1,0
esm2_t36_3B_UR50D_idx1001,0,1,0
esm2_t36_3B_UR50D_idx1002,0,1,0
esm2_t36_3B_UR50D_idx1003,0,1,0
esm2_t36_3B_UR50D_idx1004,0,1,0
esm2_t36_3B_UR50D_idx1005,0,1,0
esm2_t36_3B_UR50D_idx1006,0,1,0
esm2_t36_3B_UR50D_idx1007,0,1,0
esm2_t36_3B_UR50D_idx1008,0,1,0
esm2_t36_3B_UR50D_idx1009,0,1,0
esm2_t36_3B_UR50D_idx1010,0,1,0
esm2_t36_3B_UR50D_idx1011,0,1,0
esm2_t36_3B_UR50D_idx1012,0,1,0
esm2_t36_3B_UR50D_idx1013,0,1,0
esm2_t36_3B_UR50D_idx1014,0,1,0
esm2_t36_3B_UR50D_idx1015,0,1,0
esm2_t36_3B_UR50D_idx1016,0,1,0
esm2_t36_3B_UR50D_idx1017,0,1,0
esm2_t36_3B_UR50D_idx1018,0,1,0
esm2_t36_3B_UR50D_idx1019,0,1,0
esm2_t36_3B_UR50D_idx1020,0,1,0
esm2_t36_3B_UR50D_idx1021,0,1,0
esm2_t36_3B_UR50D_idx1022,0,1,0
esm2_t36_3B_UR50D_idx1023,0,1,0
esm2_t36_3B_UR50D_idx1024,0,1,0
esm2_t36_3B_UR50D_idx1025,0,1,0
esm2_t36_3B_UR50D_idx1026,0,1,0
esm2_t36_3B_UR50D_idx1027,0,1,0
esm2_t36_3B_UR50D_idx1028,0,1,0
esm2_t36_3B_UR50D_idx1029,0,1,0
esm2_t36_3B_UR50D_idx1030,0,1,0
esm2_t36_3B_UR50D_idx1031,0,1,0
esm2_t36_3B_UR50D_idx1032,0,1,0
esm2_t36_3B_UR50D_idx1033,0,1,0
esm2_t36_3B_UR50D_idx1034,0,1,0
esm2_t36_3B_UR50D_idx1035,0,1,0
esm2_t36_3B_UR50D_idx1036,0,1,0
esm2_t36_3B_UR50D_idx1037,0,1,0
esm2_t36_3B_UR50D_idx1038,0,1,0
esm2_t36_3B_UR50D_idx1039,0,1,0
esm2_t36_3B_UR50D_idx1040,0,1,0
esm2_t36_3B_UR50D_idx1041,0,1,0
esm2_t36_3B_UR50D_idx1042,0,1,0
esm2_t36_3B_UR50D_idx1043,0,1,0
esm2_t36_3B_UR50D_idx1044,0,1,0
esm2_t36_3B_UR50D_idx1045,0,1,0
esm2_t36_3B_UR50D_idx1046,0,1,0
esm2_t36_3B_UR50D_idx1047,0,1,0
esm2_t36_3B_UR50D_idx1048,0,1,0
esm2_t36_3B_UR50D_idx1049,0,1,0
esm2_t36_3B_UR50D_idx1050,0,1,0
esm2_t36_3B_UR50D_idx1051,0,1,0
esm2_t36_3B_UR50D_idx1052,0,1,0
esm2_t36_3B_UR50D_idx1053,0,1,0
esm2_t36_3B_UR50D_idx1054,0,1,0
esm2_t36_3B_UR50D_idx1055,0,1,0
esm2_t36_3B_UR50D_idx1056,0,1,0
esm2_t36_3B_UR50D_idx1057,0,1,0
esm2_t36_3B_UR50D_idx1058,0,1,0
esm2_t36_3B_UR50D_idx1059,0,1,0
esm2_t36_3B_UR50D_idx1060,0,1,0
esm2_t36_3B_UR50D_idx1061,0,1,0
esm2_t36_3B_UR50D_idx1062,0,1,0
esm2_t36_3B_UR50D_idx1063,0,1,0
esm2_t36_3B_UR50D_idx1064,0,1,0
esm2_t36_3B_UR50D_idx1065,0,1,0
esm2_t36_3B_UR50D_idx1066,0,1,0
esm2_t36_3B_UR50D_idx1067,0,1,0
esm2_t36_3B_UR50D_idx1068,0,1,0
esm2_t36_3B_UR50D_idx1069,0,1,0
esm2_t36_3B_UR50D_idx1070,0,1,0
esm2_t36_3B_UR50D_idx1071,0,1,0
esm2_t36_3B_UR50D_idx1072,0,1,0
esm2_t36_3B_UR50D_idx1073,0,1,0
esm2_t36_3B_UR50D_idx1074,0,1,0
esm2_t36_3B_UR50D_idx1075,0,1,0
esm2_t36_3B_UR50D_idx1076,0,1,0
esm2_t36_3B_UR50D_idx1077,0,1,0
esm2_t36_3B_UR50D_idx1078,0,1,0
esm2_t36_3B_UR50D_idx1079,0,1,0
esm2_t36_3B_UR50D_idx1080,0,1,0
esm2_t36_3B_UR50D_idx1081,0,1,0
esm2_t36_3B_UR50D_idx1082,0,1,0
esm2_t36_3B_UR50D_idx1083,0,1,0
esm2_t36_3B_UR50D_idx1084,0,1,0
esm2_t36_3B_UR50D_idx1085,0,1,0
esm2_t36_3B_UR50D_idx1086,0,1,0
esm2_t36_3B_UR50D_idx1087,0,1,0
esm2_t36_3B_UR50D_idx1088,0,1,0
esm2_t36_3B_UR50D_idx1089,0,1,0
esm2_t36_3B_UR50D_idx1090,0,1,0
esm2_t36_3B_UR50D_idx1091,0,1,0
esm2_t36_3B_UR50D_idx1092,0,1,0
esm2_t36_3B_UR50D_idx1093,0,1,0
esm2_t36_3B_UR50D_idx1094,0,1,0
esm2_t36_3B_UR50D_idx1095,0,1,0
esm2_t36_3B_UR50D_idx1096,0,1,0
esm2_t36_3B_UR50D_idx1097,0,1,0
esm2_t36_3B_UR50D_idx1098,0,1,0
esm2_t36_3B_UR50D_idx1099,0,1,0
esm2_t36_3B_UR50D_idx1100,0,1,0
esm2_t36_3B_UR50D_idx1101,0,1,0
esm2_t36_3B_UR50D_idx1102,0,1,0
esm2_t36_3B_UR50D_idx1103,0,1,0
esm2_t36_3B_UR50D_idx1104,0,1,0
esm2_t36_3B_UR50D_idx1105,0,1,0
esm2_t36_3B_UR50D_idx1106,0,1,0
esm2_t36_3B_UR50D_idx1107,0,1,0
esm2_t36_3B_UR50D_idx1108,0,1,0
esm2_t36_3B_UR50D_idx1109,0,1,0
esm2_t36_3B_UR50D_idx1110,0,1,0
esm2_t36_3B_UR50D_idx1111,0,1,0
esm2_t36_3B_UR50D_idx1112,0,1,0
esm2_t36_3B_UR50D_idx1113,0,1,0
esm2_t36_3B_UR50D_idx1114,0,1,0
esm2_t36_3B_UR50D_idx1115,0,1,0
esm2_t36_3B_UR50D_idx1116,0,1,0
esm2_t36_3B_UR50D_idx1117,0,1,0
esm2_t36_3B_UR50D_idx1118,0,1,0
esm2_t36_3B_UR50D_idx1119,0,1,0
esm2_t36_3B_UR50D_idx1120,0,1,0
esm2_t36_3B_UR50D_idx1121,0,1,0
esm2_t36_3B_UR50D_idx1122,0,1,0
esm2_t36_3B_UR50D_idx1123,0,1,0
esm2_t36_3B_UR50D_idx1124,0,1,0
esm2_t36_3B_UR50D_idx1125,0,1,0
esm2_t36_3B_UR50D_idx1126,0,1,0
esm2_t36_3B_UR50D_idx1127,0,1,0
esm2_t36_3B_UR50D_idx1128,0,1,0
esm2_t36_3B_UR50D_idx1129,0,1,0
esm2_t36_3B_UR50D_idx1130,0,1,0
esm2_t36_3B_UR50D_idx1131,0,1,0
esm2_t36_3B_UR50D_idx1132,0,1,0
esm2_t36_3B_UR50D_idx1133,0,1,0
esm2_t36_3B_UR50D_idx1134,0,1,0
esm2_t36_3B_UR50D_idx1135,0,1,0
esm2_t36_3B_UR50D_idx1136,0,1,0
esm2_t36_3B_UR50D_idx1137,0,1,0
esm2_t36_3B_UR50D_idx1138,0,1,0
esm2_t36_3B_UR50D_idx1139,0,1,0
esm2_t36_3B_UR50D_idx1140,0,1,0
esm2_t36_3B_UR50D_idx1141,0,1,0
esm2_t36_3B_UR50D_idx1142,0,1,0
esm2_t36_3B_UR50D_idx1143,0,1,0
esm2_t36_3B_UR50D_idx1144,0,1,0
esm2_t36_3B_UR50D_idx1145,0,1,0
esm2_t36_3B_UR50D_idx1146,0,1,0
esm2_t36_3B_UR50D_idx1147,0,1,0
esm2_t36_3B_UR50D_idx1148,0,1,0
esm2_t36_3B_UR50D_idx1149,0,1,0
esm2_t36_3B_UR50D_idx1150,0,1,0
esm2_t36_3B_UR50D_idx1151,0,1,0
esm2_t36_3B_UR50D_idx1152,0,1,0
esm2_t36_3B_UR50D_idx1153,0,1,0
esm2_t36_3B_UR50D_idx1154,0,1,0
esm2_t36_3B_UR50D_idx1155,0,1,0
esm2_t36_3B_UR50D_idx1156,0,1,0
esm2_t36_3B_UR50D_idx1157,0,1,0
esm2_t36_3B_UR50D_idx1158,0,1,0
esm2_t36_3B_UR50D_idx1159,0,1,0
esm2_t36_3B_UR50D_idx1160,0,1,0
esm2_t36_3B_UR50D_idx1161,0,1,0
esm2_t36_3B_UR50D_idx1162,0,1,0
esm2_t36_3B_UR50D_idx1163,0,1,0
esm2_t36_3B_UR50D_idx1164,0,1,0
esm2_t36_3B_UR50D_idx1165,0,1,0
esm2_t36_3B_UR50D_idx1166,0,1,0
esm2_t36_3B_UR50D_idx1167,0,1,0
esm2_t36_3B_UR50D_idx1168,0,1,0
esm2_t36_3B_UR50D_idx1169,0,1,0
esm2_t36_3B_UR50D_idx1170,0,1,0
esm2_t36_3B_UR50D_idx1171,0,1,0
esm2_t36_3B_UR50D_idx1172,0,1,0
esm2_t36_3B_UR50D_idx1173,0,1,0
esm2_t36_3B_UR50D_idx1174,0,1,0
esm2_t36_3B_UR50D_idx1175,0,1,0
esm2_t36_3B_UR50D_idx1176,0,1,0
esm2_t36_3B_UR50D_idx1177,0,1,0
esm2_t36_3B_UR50D_idx1178,0,1,0
esm2_t36_3B_UR50D_idx1179,0,1,0
esm2_t36_3B_UR50D_idx1180,0,1,0
esm2_t36_3B_UR50D_idx1181,0,1,0
esm2_t36_3B_UR50D_idx1182,0,1,0
esm2_t36_3B_UR50D_idx1183,0,1,0
esm2_t36_3B_UR50D_idx1184,0,1,0
esm2_t36_3B_UR50D_idx1185,0,1,0
esm2_t36_3B_UR50D_idx1186,0,1,0
esm2_t36_3B_UR50D_idx1187,0,1,0
esm2_t36_3B_UR50D_idx1188,0,1,0
esm2_t36_3B_UR50D_idx1189,0,1,0
esm2_t36_3B_UR50D_idx1190,0,1,0
esm2_t36_3B_UR50D_idx1191,0,1,0
esm2_t36_3B_UR50D_idx1192,0,1,0
esm2_t36_3B_UR50D_idx1193,0,1,0
esm2_t36_3B_UR50D_idx1194,0,1,0
esm2_t36_3B_UR50D_idx1195,0,1,0
esm2_t36_3B_UR50D_idx1196,0,1,0
esm2_t36_3B_UR50D_idx1197,0,1,0
esm2_t36_3B_UR50D_idx1198,0,1,0
esm2_t36_3B_UR50D_idx1199,0,1,0
esm2_t36_3B_UR50D_idx1200,0,1,0
esm2_t36_3B_UR50D_idx1201,0,1,0
esm2_t36_3B_UR50D_idx1202,0,1,0
esm2_t36_3B_UR50D_idx1203,0,1,0
esm2_t36_3B_UR50D_idx1204,0,1,0
esm2_t36_3B_UR50D_idx1205,0,1,0
esm2_t36_3B_UR50D_idx1206,0,1,0
esm2_t36_3B_UR50D_idx1207,0,1,0
esm2_t36_3B_UR50D_idx1208,0,1,0
esm2_t36_3B_UR50D_idx1209,0,1,0
esm2_t36_3B_UR50D_idx1210,0,1,0
esm2_t36_3B_UR50D_idx1211,0,1,0
esm2_t36_3B_UR50D_idx1212,0,1,0
esm2_t36_3B_UR50D_idx1213,0,1,0
esm2_t36_3B_UR50D_idx1214,0,1,0
esm2_t36_3B_UR50D_idx1215,0,1,0
esm2_t36_3B_UR50D_idx1216,0,1,0
esm2_t36_3B_UR50D_idx1217,0,1,0
esm2_t36_3B_UR50D_idx1218,0,1,0
esm2_t36_3B_UR50D_idx1219,0,1,0
esm2_t36_3B_UR50D_idx1220,0,1,0
esm2_t36_3B_UR50D_idx1221,0,1,0
esm2_t36_3B_UR50D_idx1222,0,1,0
esm2_t36_3B_UR50D_idx1223,0,1,0
esm2_t36_3B_UR50D_idx1224,0,1,0
esm2_t36_3B_UR50D_idx1225,0,1,0
esm2_t36_3B_UR50D_idx1226,0,1,0
esm2_t36_3B_UR50D_idx1227,0,1,0
esm2_t36_3B_UR50D_idx1228,0,1,0
esm2_t36_3B_UR50D_idx1229,0,1,0
esm2_t36_3B_UR50D_idx1230,0,1,0
esm2_t36_3B_UR50D_idx1231,0,1,0
esm2_t36_3B_UR50D_idx1232,0,1,0
esm2_t36_3B_UR50D_idx1233,0,1,0
esm2_t36_3B_UR50D_idx1234,0,1,0
esm2_t36_3B_UR50D_idx1235,0,1,0
esm2_t36_3B_UR50D_idx1236,0,1,0
esm2_t36_3B_UR50D_idx1237,0,1,0
esm2_t36_3B_UR50D_idx1238,0,1,0
esm2_t36_3B_UR50D_idx1239,0,1,0
esm2_t36_3B_UR50D_idx1240,0,1,0
esm2_t36_3B_UR50D_idx1241,0,1,0
esm2_t36_3B_UR50D_idx1242,0,1,0
esm2_t36_3B_UR50D_idx1243,0,1,0
esm2_t36_3B_UR50D_idx1244,0,1,0
esm2_t36_3B_UR50D_idx1245,0,1,0
esm2_t36_3B_UR50D_idx1246,0,1,0
esm2_t36_3B_UR50D_idx1247,0,1,0
esm2_t36_3B_UR50D_idx1248,0,1,0
esm2_t36_3B_UR50D_idx1249,0,1,0
esm2_t36_3B_UR50D_idx1250,0,1,0
esm2_t36_3B_UR50D_idx1251,0,1,0
esm2_t36_3B_UR50D_idx1252,0,1,0
esm2_t36_3B_UR50D_idx1253,0,1,0
esm2_t36_3B_UR50D_idx1254,0,1,0
esm2_t36_3B_UR50D_idx1255,0,1,0
esm2_t36_3B_UR50D_idx1256,0,1,0
esm2_t36_3B_UR50D_idx1257,0,1,0
esm2_t36_3B_UR50D_idx1258,0,1,0
esm2_t36_3B_UR50D_idx1259,0,1,0
esm2_t36_3B_UR50D_idx1260,0,1,0
esm2_t36_3B_UR50D_idx1261,0,1,0
esm2_t36_3B_UR50D_idx1262,0,1,0
esm2_t36_3B_UR50D_idx1263,0,1,0
esm2_t36_3B_UR50D_idx1264,0,1,0
esm2_t36_3B_UR50D_idx1265,0,1,0
esm2_t36_3B_UR50D_idx1266,0,1,0
esm2_t36_3B_UR50D_idx1267,0,1,0
esm2_t36_3B_UR50D_idx1268,0,1,0
esm2_t36_3B_UR50D_idx1269,0,1,0
esm2_t36_3B_UR50D_idx1270,0,1,0
esm2_t36_3B_UR50D_idx1271,0,1,0
esm2_t36_3B_UR50D_idx1272,0,1,0
esm2_t36_3B_UR50D_idx1273,0,1,0
esm2_t36_3B_UR50D_idx1274,0,1,0
esm2_t36_3B_UR50D_idx1275,0,1,0
esm2_t36_3B_UR50D_idx1276,0,1,0
esm2_t36_3B_UR50D_idx1277,0,1,0
esm2_t36_3B_UR50D_idx1278,0,1,0
esm2_t36_3B_UR50D_idx1279,0,1,0
esm2_t36_3B_UR50D_idx1280,0,1,0
esm2_t36_3B_UR50D_idx1281,0,1,0
esm2_t36_3B_UR50D_idx1282,0,1,0
esm2_t36_3B_UR50D_idx1283,0,1,0
esm2_t36_3B_UR50D_idx1284,0,1,0
esm2_t36_3B_UR50D_idx1285,0,1,0
esm2_t36_3B_UR50D_idx1286,0,1,0
esm2_t36_3B_UR50D_idx1287,0,1,0
esm2_t36_3B_UR50D_idx1288,0,1,0
esm2_t36_3B_UR50D_idx1289,0,1,0
esm2_t36_3B_UR50D_idx1290,0,1,0
esm2_t36_3B_UR50D_idx1291,0,1,0
esm2_t36_3B_UR50D_idx1292,0,1,0
esm2_t36_3B_UR50D_idx1293,0,1,0
esm2_t36_3B_UR50D_idx1294,0,1,0
esm2_t36_3B_UR50D_idx1295,0,1,0
esm2_t36_3B_UR50D_idx1296,0,1,0
esm2_t36_3B_UR50D_idx1297,0,1,0
esm2_t36_3B_UR50D_idx1298,0,1,0
esm2_t36_3B_UR50D_idx1299,0,1,0
esm2_t36_3B_UR50D_idx1300,0,1,0
esm2_t36_3B_UR50D_idx1301,0,1,0
esm2_t36_3B_UR50D_idx1302,0,1,0
esm2_t36_3B_UR50D_idx1303,0,1,0
esm2_t36_3B_UR50D_idx1304,0,1,0
esm2_t36_3B_UR50D_idx1305,0,1,0
esm2_t36_3B_UR50D_idx1306,0,1,0
esm2_t36_3B_UR50D_idx1307,0,1,0
esm2_t36_3B_UR50D_idx1308,0,1,0
esm2_t36_3B_UR50D_idx1309,0,1,0
esm2_t36_3B_UR50D_idx1310,0,1,0
esm2_t36_3B_UR50D_idx1311,0,1,0
esm2_t36_3B_UR50D_idx1312,0,1,0
esm2_t36_3B_UR50D_idx1313,0,1,0
esm2_t36_3B_UR50D_idx1314,0,1,0
esm2_t36_3B_UR50D_idx1315,0,1,0
esm2_t36_3B_UR50D_idx1316,0,1,0
esm2_t36_3B_UR50D_idx1317,0,1,0
esm2_t36_3B_UR50D_idx1318,0,1,0
esm2_t36_3B_UR50D_idx1319,0,1,0
esm2_t36_3B_UR50D_idx1320,0,1,0
esm2_t36_3B_UR50D_idx1321,0,1,0
esm2_t36_3B_UR50D_idx1322,0,1,0
esm2_t36_3B_UR50D_idx1323,0,1,0
esm2_t36_3B_UR50D_idx1324,0,1,0
esm2_t36_3B_UR50D_idx1325,0,1,0
esm2_t36_3B_UR50D_idx1326,0,1,0
esm2_t36_3B_UR50D_idx1327,0,1,0
esm2_t36_3B_UR50D_idx1328,0,1,0
esm2_t36_3B_UR50D_idx1329,0,1,0
esm2_t36_3B_UR50D_idx1330,0,1,0
esm2_t36_3B_UR50D_idx1331,0,1,0
esm2_t36_3B_UR50D_idx1332,0,1,0
esm2_t36_3B_UR50D_idx1333,0,1,0
esm2_t36_3B_UR50D_idx1334,0,1,0
esm2_t36_3B_UR50D_idx1335,0,1,0
esm2_t36_3B_UR50D_idx1336,0,1,0
esm2_t36_3B_UR50D_idx1337,0,1,0
esm2_t36_3B_UR50D_idx1338,0,1,0
esm2_t36_3B_UR50D_idx1339,0,1,0
esm2_t36_3B_UR50D_idx1340,0,1,0
esm2_t36_3B_UR50D_idx1341,0,1,0
esm2_t36_3B_UR50D_idx1342,0,1,0
esm2_t36_3B_UR50D_idx1343,0,1,0
esm2_t36_3B_UR50D_idx1344,0,1,0
esm2_t36_3B_UR50D_idx1345,0,1,0
esm2_t36_3B_UR50D_idx1346,0,1,0
esm2_t36_3B_UR50D_idx1347,0,1,0
esm2_t36_3B_UR50D_idx1348,0,1,0
esm2_t36_3B_UR50D_idx1349,0,1,0
esm2_t36_3B_UR50D_idx1350,0,1,0
esm2_t36_3B_UR50D_idx1351,0,1,0
esm2_t36_3B_UR50D_idx1352,0,1,0
esm2_t36_3B_UR50D_idx1353,0,1,0
esm2_t36_3B_UR50D_idx1354,0,1,0
esm2_t36_3B_UR50D_idx1355,0,1,0
esm2_t36_3B_UR50D_idx1356,0,1,0
esm2_t36_3B_UR50D_idx1357,0,1,0
esm2_t36_3B_UR50D_idx1358,0,1,0
esm2_t36_3B_UR50D_idx1359,0,1,0
esm2_t36_3B_UR50D_idx1360,0,1,0
esm2_t36_3B_UR50D_idx1361,0,1,0
esm2_t36_3B_UR50D_idx1362,0,1,0
esm2_t36_3B_UR50D_idx1363,0,1,0
esm2_t36_3B_UR50D_idx1364,0,1,0
esm2_t36_3B_UR50D_idx1365,0,1,0
esm2_t36_3B_UR50D_idx1366,0,1,0
esm2_t36_3B_UR50D_idx1367,0,1,0
esm2_t36_3B_UR50D_idx1368,0,1,0
esm2_t36_3B_UR50D_idx1369,0,1,0
esm2_t36_3B_UR50D_idx1370,0,1,0
esm2_t36_3B_UR50D_idx1371,0,1,0
esm2_t36_3B_UR50D_idx1372,0,1,0
esm2_t36_3B_UR50D_idx1373,0,1,0
esm2_t36_3B_UR50D_idx1374,0,1,0
esm2_t36_3B_UR50D_idx1375,0,1,0
esm2_t36_3B_UR50D_idx1376,0,1,0
esm2_t36_3B_UR50D_idx1377,0,1,0
esm2_t36_3B_UR50D_idx1378,0,1,0
esm2_t36_3B_UR50D_idx1379,0,1,0
esm2_t36_3B_UR50D_idx1380,0,1,0
esm2_t36_3B_UR50D_idx1381,0,1,0
esm2_t36_3B_UR50D_idx1382,0,1,0
esm2_t36_3B_UR50D_idx1383,0,1,0
esm2_t36_3B_UR50D_idx1384,0,1,0
esm2_t36_3B_UR50D_idx1385,0,1,0
esm2_t36_3B_UR50D_idx1386,0,1,0
esm2_t36_3B_UR50D_idx1387,0,1,0
esm2_t36_3B_UR50D_idx1388,0,1,0
esm2_t36_3B_UR50D_idx1389,0,1,0
esm2_t36_3B_UR50D_idx1390,0,1,0
esm2_t36_3B_UR50D_idx1391,0,1,0
esm2_t36_3B_UR50D_idx1392,0,1,0
esm2_t36_3B_UR50D_idx1393,0,1,0
esm2_t36_3B_UR50D_idx1394,0,1,0
esm2_t36_3B_UR50D_idx1395,0,1,0
esm2_t36_3B_UR50D_idx1396,0,1,0
esm2_t36_3B_UR50D_idx1397,0,1,0
esm2_t36_3B_UR50D_idx1398,0,1,0
esm2_t36_3B_UR50D_idx1399,0,1,0
esm2_t36_3B_UR50D_idx1400,0,1,0
esm2_t36_3B_UR50D_idx1401,0,1,0
esm2_t36_3B_UR50D_idx1402,0,1,0
esm2_t36_3B_UR50D_idx1403,0,1,0
esm2_t36_3B_UR50D_idx1404,0,1,0
esm2_t36_3B_UR50D_idx1405,0,1,0
esm2_t36_3B_UR50D_idx1406,0,1,0
esm2_t36_3B_UR50D_idx1407,0,1,0
esm2_t36_3B_UR50D_idx1408,0,1,0
esm2_t36_3B_UR50D_idx1409,0,1,0
esm2_t36_3B_UR50D_idx1410,0,1,0
esm2_t36_3B_UR50D_idx1411,0,1,0
esm2_t36_3B_UR50D_idx1412,0,1,0
esm2_t36_3B_UR50D_idx1413,0,1,0
esm2_t36_3B_UR50D_idx1414,0,1,0
esm2_t36_3B_UR50D_idx1415,0,1,0
esm2_t36_3B_UR50D_idx1416,0,1,0
esm2_t36_3B_UR50D_idx1417,0,1,0
esm2_t36_3B_UR50D_idx1418,0,1,0
esm2_t36_3B_UR50D_idx1419,0,1,0
esm2_t36_3B_UR50D_idx1420,0,1,0
esm2_t36_3B_UR50D_idx1421,0,1,0
esm2_t36_3B_UR50D_idx1422,0,1,0
esm2_t36_3B_UR50D_idx1423,0,1,0
esm2_t36_3B_UR50D_idx1424,0,1,0
esm2_t36_3B_UR50D_idx1425,0,1,0
esm2_t36_3B_UR50D_idx1426,0,1,0
esm2_t36_3B_UR50D_idx1427,0,1,0
esm2_t36_3B_UR50D_idx1428,0,1,0
esm2_t36_3B_UR50D_idx1429,0,1,0
esm2_t36_3B_UR50D_idx1430,0,1,0
esm2_t36_3B_UR50D_idx1431,0,1,0
esm2_t36_3B_UR50D_idx1432,0,1,0
esm2_t36_3B_UR50D_idx1433,0,1,0
esm2_t36_3B_UR50D_idx1434,0,1,0
esm2_t36_3B_UR50D_idx1435,0,1,0
esm2_t36_3B_UR50D_idx1436,0,1,0
esm2_t36_3B_UR50D_idx1437,0,1,0
esm2_t36_3B_UR50D_idx1438,0,1,0
esm2_t36_3B_UR50D_idx1439,0,1,0
esm2_t36_3B_UR50D_idx1440,0,1,0
esm2_t36_3B_UR50D_idx1441,0,1,0
esm2_t36_3B_UR50D_idx1442,0,1,0
esm2_t36_3B_UR50D_idx1443,0,1,0
esm2_t36_3B_UR50D_idx1444,0,1,0
esm2_t36_3B_UR50D_idx1445,0,1,0
esm2_t36_3B_UR50D_idx1446,0,1,0
esm2_t36_3B_UR50D_idx1447,0,1,0
esm2_t36_3B_UR50D_idx1448,0,1,0
esm2_t36_3B_UR50D_idx1449,0,1,0
esm2_t36_3B_UR50D_idx1450,0,1,0
esm2_t36_3B_UR50D_idx1451,0,1,0
esm2_t36_3B_UR50D_idx1452,0,1,0
esm2_t36_3B_UR50D_idx1453,0,1,0
esm2_t36_3B_UR50D_idx1454,0,1,0
esm2_t36_3B_UR50D_idx1455,0,1,0
esm2_t36_3B_UR50D_idx1456,0,1,0
esm2_t36_3B_UR50D_idx1457,0,1,0
esm2_t36_3B_UR50D_idx1458,0,1,0
esm2_t36_3B_UR50D_idx1459,0,1,0
esm2_t36_3B_UR50D_idx1460,0,1,0
esm2_t36_3B_UR50D_idx1461,0,1,0
esm2_t36_3B_UR50D_idx1462,0,1,0
esm2_t36_3B_UR50D_idx1463,0,1,0
esm2_t36_3B_UR50D_idx1464,0,1,0
esm2_t36_3B_UR50D_idx1465,0,1,0
esm2_t36_3B_UR50D_idx1466,0,1,0
esm2_t36_3B_UR50D_idx1467,0,1,0
esm2_t36_3B_UR50D_idx1468,0,1,0
esm2_t36_3B_UR50D_idx1469,0,1,0
esm2_t36_3B_UR50D_idx1470,0,1,0
esm2_t36_3B_UR50D_idx1471,0,1,0
esm2_t36_3B_UR50D_idx1472,0,1,0
esm2_t36_3B_UR50D_idx1473,0,1,0
esm2_t36_3B_UR50D_idx1474,0,1,0
esm2_t36_3B_UR50D_idx1475,0,1,0
esm2_t36_3B_UR50D_idx1476,0,1,0
esm2_t36_3B_UR50D_idx1477,0,1,0
esm2_t36_3B_UR50D_idx1478,0,1,0
esm2_t36_3B_UR50D_idx1479,0,1,0
esm2_t36_3B_UR50D_idx1480,0,1,0
esm2_t36_3B_UR50D_idx1481,0,1,0
esm2_t36_3B_UR50D_idx1482,0,1,0
esm2_t36_3B_UR50D_idx1483,0,1,0
esm2_t36_3B_UR50D_idx1484,0,1,0
esm2_t36_3B_UR50D_idx1485,0,1,0
esm2_t36_3B_UR50D_idx1486,0,1,0
esm2_t36_3B_UR50D_idx1487,0,1,0
esm2_t36_3B_UR50D_idx1488,0,1,0
esm2_t36_3B_UR50D_idx1489,0,1,0
esm2_t36_3B_UR50D_idx1490,0,1,0
esm2_t36_3B_UR50D_idx1491,0,1,0
esm2_t36_3B_UR50D_idx1492,0,1,0
esm2_t36_3B_UR50D_idx1493,0,1,0
esm2_t36_3B_UR50D_idx1494,0,1,0
esm2_t36_3B_UR50D_idx1495,0,1,0
esm2_t36_3B_UR50D_idx1496,0,1,0
esm2_t36_3B_UR50D_idx1497,0,1,0
esm2_t36_3B_UR50D_idx1498,0,1,0
esm2_t36_3B_UR50D_idx1499,0,1,0
esm2_t36_3B_UR50D_idx1500,0,1,0
esm2_t36_3B_UR50D_idx1501,0,1,0
esm2_t36_3B_UR50D_idx1502,0,1,0
esm2_t36_3B_UR50D_idx1503,0,1,0
esm2_t36_3B_UR50D_idx1504,0,1,0
esm2_t36_3B_UR50D_idx1505,0,1,0
esm2_t36_3B_UR50D_idx1506,0,1,0
esm2_t36_3B_UR50D_idx1507,0,1,0
esm2_t36_3B_UR50D_idx1508,0,1,0
esm2_t36_3B_UR50D_idx1509,0,1,0
esm2_t36_3B_UR50D_idx1510,0,1,0
esm2_t36_3B_UR50D_idx1511,0,1,0
esm2_t36_3B_UR50D_idx1512,0,1,0
esm2_t36_3B_UR50D_idx1513,0,1,0
esm2_t36_3B_UR50D_idx1514,0,1,0
esm2_t36_3B_UR50D_idx1515,0,1,0
esm2_t36_3B_UR50D_idx1516,0,1,0
esm2_t36_3B_UR50D_idx1517,0,1,0
esm2_t36_3B_UR50D_idx1518,0,1,0
esm2_t36_3B_UR50D_idx1519,0,1,0
esm2_t36_3B_UR50D_idx1520,0,1,0
esm2_t36_3B_UR50D_idx1521,0,1,0
esm2_t36_3B_UR50D_idx1522,0,1,0
esm2_t36_3B_UR50D_idx1523,0,1,0
esm2_t36_3B_UR50D_idx1524,0,1,0
esm2_t36_3B_UR50D_idx1525,0,1,0
esm2_t36_3B_UR50D_idx1526,0,1,0
esm2_t36_3B_UR50D_idx1527,0,1,0
esm2_t36_3B_UR50D_idx1528,0,1,0
esm2_t36_3B_UR50D_idx1529,0,1,0
esm2_t36_3B_UR50D_idx1530,0,1,0
esm2_t36_3B_UR50D_idx1531,0,1,0
esm2_t36_3B_UR50D_idx1532,0,1,0
esm2_t36_3B_UR50D_idx1533,0,1,0
esm2_t36_3B_UR50D_idx1534,0,1,0
esm2_t36_3B_UR50D_idx1535,0,1,0
esm2_t36_3B_UR50D_idx1536,0,1,0
esm2_t36_3B_UR50D_idx1537,0,1,0
esm2_t36_3B_UR50D_idx1538,0,1,0
esm2_t36_3B_UR50D_idx1539,0,1,0
esm2_t36_3B_UR50D_idx1540,0,1,0
esm2_t36_3B_UR50D_idx1541,0,1,0
esm2_t36_3B_UR50D_idx1542,0,1,0
esm2_t36_3B_UR50D_idx1543,0,1,0
esm2_t36_3B_UR50D_idx1544,0,1,0
esm2_t36_3B_UR50D_idx1545,0,1,0
esm2_t36_3B_UR50D_idx1546,0,1,0
esm2_t36_3B_UR50D_idx1547,0,1,0
esm2_t36_3B_UR50D_idx1548,0,1,0
esm2_t36_3B_UR50D_idx1549,0,1,0
esm2_t36_3B_UR50D_idx1550,0,1,0
esm2_t36_3B_UR50D_idx1551,0,1,0
esm2_t36_3B_UR50D_idx1552,0,1,0
esm2_t36_3B_UR50D_idx1553,0,1,0
esm2_t36_3B_UR50D_idx1554,0,1,0
esm2_t36_3B_UR50D_idx1555,0,1,0
esm2_t36_3B_UR50D_idx1556,0,1,0
esm2_t36_3B_UR50D_idx1557,0,1,0
esm2_t36_3B_UR50D_idx1558,0,1,0
esm2_t36_3B_UR50D_idx1559,0,1,0
esm2_t36_3B_UR50D_idx1560,0,1,0
esm2_t36_3B_UR50D_idx1561,0,1,0
esm2_t36_3B_UR50D_idx1562,0,1,0
esm2_t36_3B_UR50D_idx1563,0,1,0
esm2_t36_3B_UR50D_idx1564,0,1,0
esm2_t36_3B_UR50D_idx1565,0,1,0
esm2_t36_3B_UR50D_idx1566,0,1,0
esm2_t36_3B_UR50D_idx1567,0,1,0
esm2_t36_3B_UR50D_idx1568,0,1,0
esm2_t36_3B_UR50D_idx1569,0,1,0
esm2_t36_3B_UR50D_idx1570,0,1,0
esm2_t36_3B_UR50D_idx1571,0,1,0
esm2_t36_3B_UR50D_idx1572,0,1,0
esm2_t36_3B_UR50D_idx1573,0,1,0
esm2_t36_3B_UR50D_idx1574,0,1,0
esm2_t36_3B_UR50D_idx1575,0,1,0
esm2_t36_3B_UR50D_idx1576,0,1,0
esm2_t36_3B_UR50D_idx1577,0,1,0
esm2_t36_3B_UR50D_idx1578,0,1,0
esm2_t36_3B_UR50D_idx1579,0,1,0
esm2_t36_3B_UR50D_idx1580,0,1,0
esm2_t36_3B_UR50D_idx1581,0,1,0
esm2_t36_3B_UR50D_idx1582,0,1,0
esm2_t36_3B_UR50D_idx1583,0,1,0
esm2_t36_3B_UR50D_idx1584,0,1,0
esm2_t36_3B_UR50D_idx1585,0,1,0
esm2_t36_3B_UR50D_idx1586,0,1,0
esm2_t36_3B_UR50D_idx1587,0,1,0
esm2_t36_3B_UR50D_idx1588,0,1,0
esm2_t36_3B_UR50D_idx1589,0,1,0
esm2_t36_3B_UR50D_idx1590,0,1,0
esm2_t36_3B_UR50D_idx1591,0,1,0
esm2_t36_3B_UR50D_idx1592,0,1,0
esm2_t36_3B_UR50D_idx1593,0,1,0
esm2_t36_3B_UR50D_idx1594,0,1,0
esm2_t36_3B_UR50D_idx1595,0,1,0
esm2_t36_3B_UR50D_idx1596,0,1,0
esm2_t36_3B_UR50D_idx1597,0,1,0
esm2_t36_3B_UR50D_idx1598,0,1,0
esm2_t36_3B_UR50D_idx1599,0,1,0
esm2_t36_3B_UR50D_idx1600,0,1,0
esm2_t36_3B_UR50D_idx1601,0,1,0
esm2_t36_3B_UR50D_idx1602,0,1,0
esm2_t36_3B_UR50D_idx1603,0,1,0
esm2_t36_3B_UR50D_idx1604,0,1,0
esm2_t36_3B_UR50D_idx1605,0,1,0
esm2_t36_3B_UR50D_idx1606,0,1,0
esm2_t36_3B_UR50D_idx1607,0,1,0
esm2_t36_3B_UR50D_idx1608,0,1,0
esm2_t36_3B_UR50D_idx1609,0,1,0
esm2_t36_3B_UR50D_idx1610,0,1,0
esm2_t36_3B_UR50D_idx1611,0,1,0
esm2_t36_3B_UR50D_idx1612,0,1,0
esm2_t36_3B_UR50D_idx1613,0,1,0
esm2_t36_3B_UR50D_idx1614,0,1,0
esm2_t36_3B_UR50D_idx1615,0,1,0
esm2_t36_3B_UR50D_idx1616,0,1,0
esm2_t36_3B_UR50D_idx1617,0,1,0
esm2_t36_3B_UR50D_idx1618,0,1,0
esm2_t36_3B_UR50D_idx1619,0,1,0
esm2_t36_3B_UR50D_idx1620,0,1,0
esm2_t36_3B_UR50D_idx1621,0,1,0
esm2_t36_3B_UR50D_idx1622,0,1,0
esm2_t36_3B_UR50D_idx1623,0,1,0
esm2_t36_3B_UR50D_idx1624,0,1,0
esm2_t36_3B_UR50D_idx1625,0,1,0
esm2_t36_3B_UR50D_idx1626,0,1,0
esm2_t36_3B_UR50D_idx1627,0,1,0
esm2_t36_3B_UR50D_idx1628,0,1,0
esm2_t36_3B_UR50D_idx1629,0,1,0
esm2_t36_3B_UR50D_idx1630,0,1,0
esm2_t36_3B_UR50D_idx1631,0,1,0
esm2_t36_3B_UR50D_idx1632,0,1,0
esm2_t36_3B_UR50D_idx1633,0,1,0
esm2_t36_3B_UR50D_idx1634,0,1,0
esm2_t36_3B_UR50D_idx1635,0,1,0
esm2_t36_3B_UR50D_idx1636,0,1,0
esm2_t36_3B_UR50D_idx1637,0,1,0
esm2_t36_3B_UR50D_idx1638,0,1,0
esm2_t36_3B_UR50D_idx1639,0,1,0
esm2_t36_3B_UR50D_idx1640,0,1,0
esm2_t36_3B_UR50D_idx1641,0,1,0
esm2_t36_3B_UR50D_idx1642,0,1,0
esm2_t36_3B_UR50D_idx1643,0,1,0
esm2_t36_3B_UR50D_idx1644,0,1,0
esm2_t36_3B_UR50D_idx1645,0,1,0
esm2_t36_3B_UR50D_idx1646,0,1,0
esm2_t36_3B_UR50D_idx1647,0,1,0
esm2_t36_3B_UR50D_idx1648,0,1,0
esm2_t36_3B_UR50D_idx1649,0,1,0
esm2_t36_3B_UR50D_idx1650,0,1,0
esm2_t36_3B_UR50D_idx1651,0,1,0
esm2_t36_3B_UR50D_idx1652,0,1,0
esm2_t36_3B_UR50D_idx1653,0,1,0
esm2_t36_3B_UR50D_idx1654,0,1,0
esm2_t36_3B_UR50D_idx1655,0,1,0
esm2_t36_3B_UR50D_idx1656,0,1,0
esm2_t36_3B_UR50D_idx1657,0,1,0
esm2_t36_3B_UR50D_idx1658,0,1,0
esm2_t36_3B_UR50D_idx1659,0,1,0
esm2_t36_3B_UR50D_idx1660,0,1,0
esm2_t36_3B_UR50D_idx1661,0,1,0
esm2_t36_3B_UR50D_idx1662,0,1,0
esm2_t36_3B_UR50D_idx1663,0,1,0
esm2_t36_3B_UR50D_idx1664,0,1,0
esm2_t36_3B_UR50D_idx1665,0,1,0
esm2_t36_3B_UR50D_idx1666,0,1,0
esm2_t36_3B_UR50D_idx1667,0,1,0
esm2_t36_3B_UR50D_idx1668,0,1,0
esm2_t36_3B_UR50D_idx1669,0,1,0
esm2_t36_3B_UR50D_idx1670,0,1,0
esm2_t36_3B_UR50D_idx1671,0,1,0
esm2_t36_3B_UR50D_idx1672,0,1,0
esm2_t36_3B_UR50D_idx1673,0,1,0
esm2_t36_3B_UR50D_idx1674,0,1,0
esm2_t36_3B_UR50D_idx1675,0,1,0
esm2_t36_3B_UR50D_idx1676,0,1,0
esm2_t36_3B_UR50D_idx1677,0,1,0
esm2_t36_3B_UR50D_idx1678,0,1,0
esm2_t36_3B_UR50D_idx1679,0,1,0
esm2_t36_3B_UR50D_idx1680,0,1,0
esm2_t36_3B_UR50D_idx1681,0,1,0
esm2_t36_3B_UR50D_idx1682,0,1,0
esm2_t36_3B_UR50D_idx1683,0,1,0
esm2_t36_3B_UR50D_idx1684,0,1,0
esm2_t36_3B_UR50D_idx1685,0,1,0
esm2_t36_3B_UR50D_idx1686,0,1,0
esm2_t36_3B_UR50D_idx1687,0,1,0
esm2_t36_3B_UR50D_idx1688,0,1,0
esm2_t36_3B_UR50D_idx1689,0,1,0
esm2_t36_3B_UR50D_idx1690,0,1,0
esm2_t36_3B_UR50D_idx1691,0,1,0
esm2_t36_3B_UR50D_idx1692,0,1,0
esm2_t36_3B_UR50D_idx1693,0,1,0
esm2_t36_3B_UR50D_idx1694,0,1,0
esm2_t36_3B_UR50D_idx1695,0,1,0
esm2_t36_3B_UR50D_idx1696,0,1,0
esm2_t36_3B_UR50D_idx1697,0,1,0
esm2_t36_3B_UR50D_idx1698,0,1,0
esm2_t36_3B_UR50D_idx1699,0,1,0
esm2_t36_3B_UR50D_idx1700,0,1,0
esm2_t36_3B_UR50D_idx1701,0,1,0
esm2_t36_3B_UR50D_idx1702,0,1,0
esm2_t36_3B_UR50D_idx1703,0,1,0
esm2_t36_3B_UR50D_idx1704,0,1,0
esm2_t36_3B_UR50D_idx1705,0,1,0
esm2_t36_3B_UR50D_idx1706,0,1,0
esm2_t36_3B_UR50D_idx1707,0,1,0
esm2_t36_3B_UR50D_idx1708,0,1,0
esm2_t36_3B_UR50D_idx1709,0,1,0
esm2_t36_3B_UR50D_idx1710,0,1,0
esm2_t36_3B_UR50D_idx1711,0,1,0
esm2_t36_3B_UR50D_idx1712,0,1,0
esm2_t36_3B_UR50D_idx1713,0,1,0
esm2_t36_3B_UR50D_idx1714,0,1,0
esm2_t36_3B_UR50D_idx1715,0,1,0
esm2_t36_3B_UR50D_idx1716,0,1,0
esm2_t36_3B_UR50D_idx1717,0,1,0
esm2_t36_3B_UR50D_idx1718,0,1,0
esm2_t36_3B_UR50D_idx1719,0,1,0
esm2_t36_3B_UR50D_idx1720,0,1,0
esm2_t36_3B_UR50D_idx1721,0,1,0
esm2_t36_3B_UR50D_idx1722,0,1,0
esm2_t36_3B_UR50D_idx1723,0,1,0
esm2_t36_3B_UR50D_idx1724,0,1,0
esm2_t36_3B_UR50D_idx1725,0,1,0
esm2_t36_3B_UR50D_idx1726,0,1,0
esm2_t36_3B_UR50D_idx1727,0,1,0
esm2_t36_3B_UR50D_idx1728,0,1,0
esm2_t36_3B_UR50D_idx1729,0,1,0
esm2_t36_3B_UR50D_idx1730,0,1,0
esm2_t36_3B_UR50D_idx1731,0,1,0
esm2_t36_3B_UR50D_idx1732,0,1,0
esm2_t36_3B_UR50D_idx1733,0,1,0
esm2_t36_3B_UR50D_idx1734,0,1,0
esm2_t36_3B_UR50D_idx1735,0,1,0
esm2_t36_3B_UR50D_idx1736,0,1,0
esm2_t36_3B_UR50D_idx1737,0,1,0
esm2_t36_3B_UR50D_idx1738,0,1,0
esm2_t36_3B_UR50D_idx1739,0,1,0
esm2_t36_3B_UR50D_idx1740,0,1,0
esm2_t36_3B_UR50D_idx1741,0,1,0
esm2_t36_3B_UR50D_idx1742,0,1,0
esm2_t36_3B_UR50D_idx1743,0,1,0
esm2_t36_3B_UR50D_idx1744,0,1,0
esm2_t36_3B_UR50D_idx1745,0,1,0
esm2_t36_3B_UR50D_idx1746,0,1,0
esm2_t36_3B_UR50D_idx1747,0,1,0
esm2_t36_3B_UR50D_idx1748,0,1,0
esm2_t36_3B_UR50D_idx1749,0,1,0
esm2_t36_3B_UR50D_idx1750,0,1,0
esm2_t36_3B_UR50D_idx1751,0,1,0
esm2_t36_3B_UR50D_idx1752,0,1,0
esm2_t36_3B_UR50D_idx1753,0,1,0
esm2_t36_3B_UR50D_idx1754,0,1,0
esm2_t36_3B_UR50D_idx1755,0,1,0
esm2_t36_3B_UR50D_idx1756,0,1,0
esm2_t36_3B_UR50D_idx1757,0,1,0
esm2_t36_3B_UR50D_idx1758,0,1,0
esm2_t36_3B_UR50D_idx1759,0,1,0
esm2_t36_3B_UR50D_idx1760,0,1,0
esm2_t36_3B_UR50D_idx1761,0,1,0
esm2_t36_3B_UR50D_idx1762,0,1,0
esm2_t36_3B_UR50D_idx1763,0,1,0
esm2_t36_3B_UR50D_idx1764,0,1,0
esm2_t36_3B_UR50D_idx1765,0,1,0
esm2_t36_3B_UR50D_idx1766,0,1,0
esm2_t36_3B_UR50D_idx1767,0,1,0
esm2_t36_3B_UR50D_idx1768,0,1,0
esm2_t36_3B_UR50D_idx1769,0,1,0
esm2_t36_3B_UR50D_idx1770,0,1,0
esm2_t36_3B_UR50D_idx1771,0,1,0
esm2_t36_3B_UR50D_idx1772,0,1,0
esm2_t36_3B_UR50D_idx1773,0,1,0
esm2_t36_3B_UR50D_idx1774,0,1,0
esm2_t36_3B_UR50D_idx1775,0,1,0
esm2_t36_3B_UR50D_idx1776,0,1,0
esm2_t36_3B_UR50D_idx1777,0,1,0
esm2_t36_3B_UR50D_idx1778,0,1,0
esm2_t36_3B_UR50D_idx1779,0,1,0
esm2_t36_3B_UR50D_idx1780,0,1,0
esm2_t36_3B_UR50D_idx1781,0,1,0
esm2_t36_3B_UR50D_idx1782,0,1,0
esm2_t36_3B_UR50D_idx1783,0,1,0
esm2_t36_3B_UR50D_idx1784,0,1,0
esm2_t36_3B_UR50D_idx1785,0,1,0
esm2_t36_3B_UR50D_idx1786,0,1,0
esm2_t36_3B_UR50D_idx1787,0,1,0
esm2_t36_3B_UR50D_idx1788,0,1,0
esm2_t36_3B_UR50D_idx1789,0,1,0
esm2_t36_3B_UR50D_idx1790,0,1,0
esm2_t36_3B_UR50D_idx1791,0,1,0
esm2_t36_3B_UR50D_idx1792,0,1,0
esm2_t36_3B_UR50D_idx1793,0,1,0
esm2_t36_3B_UR50D_idx1794,0,1,0
esm2_t36_3B_UR50D_idx1795,0,1,0
esm2_t36_3B_UR50D_idx1796,0,1,0
esm2_t36_3B_UR50D_idx1797,0,1,0
esm2_t36_3B_UR50D_idx1798,0,1,0
esm2_t36_3B_UR50D_idx1799,0,1,0
esm2_t36_3B_UR50D_idx1800,0,1,0
esm2_t36_3B_UR50D_idx1801,0,1,0
esm2_t36_3B_UR50D_idx1802,0,1,0
esm2_t36_3B_UR50D_idx1803,0,1,0
esm2_t36_3B_UR50D_idx1804,0,1,0
esm2_t36_3B_UR50D_idx1805,0,1,0
esm2_t36_3B_UR50D_idx1806,0,1,0
esm2_t36_3B_UR50D_idx1807,0,1,0
esm2_t36_3B_UR50D_idx1808,0,1,0
esm2_t36_3B_UR50D_idx1809,0,1,0
esm2_t36_3B_UR50D_idx1810,0,1,0
esm2_t36_3B_UR50D_idx1811,0,1,0
esm2_t36_3B_UR50D_idx1812,0,1,0
esm2_t36_3B_UR50D_idx1813,0,1,0
esm2_t36_3B_UR50D_idx1814,0,1,0
esm2_t36_3B_UR50D_idx1815,0,1,0
esm2_t36_3B_UR50D_idx1816,0,1,0
esm2_t36_3B_UR50D_idx1817,0,1,0
esm2_t36_3B_UR50D_idx1818,0,1,0
esm2_t36_3B_UR50D_idx1819,0,1,0
esm2_t36_3B_UR50D_idx1820,0,1,0
esm2_t36_3B_UR50D_idx1821,0,1,0
esm2_t36_3B_UR50D_idx1822,0,1,0
esm2_t36_3B_UR50D_idx1823,0,1,0
esm2_t36_3B_UR50D_idx1824,0,1,0
esm2_t36_3B_UR50D_idx1825,0,1,0
esm2_t36_3B_UR50D_idx1826,0,1,0
esm2_t36_3B_UR50D_idx1827,0,1,0
esm2_t36_3B_UR50D_idx1828,0,1,0
esm2_t36_3B_UR50D_idx1829,0,1,0
esm2_t36_3B_UR50D_idx1830,0,1,0
esm2_t36_3B_UR50D_idx1831,0,1,0
esm2_t36_3B_UR50D_idx1832,0,1,0
esm2_t36_3B_UR50D_idx1833,0,1,0
esm2_t36_3B_UR50D_idx1834,0,1,0
esm2_t36_3B_UR50D_idx1835,0,1,0
esm2_t36_3B_UR50D_idx1836,0,1,0
esm2_t36_3B_UR50D_idx1837,0,1,0
esm2_t36_3B_UR50D_idx1838,0,1,0
esm2_t36_3B_UR50D_idx1839,0,1,0
esm2_t36_3B_UR50D_idx1840,0,1,0
esm2_t36_3B_UR50D_idx1841,0,1,0
esm2_t36_3B_UR50D_idx1842,0,1,0
esm2_t36_3B_UR50D_idx1843,0,1,0
esm2_t36_3B_UR50D_idx1844,0,1,0
esm2_t36_3B_UR50D_idx1845,0,1,0
esm2_t36_3B_UR50D_idx1846,0,1,0
esm2_t36_3B_UR50D_idx1847,0,1,0
esm2_t36_3B_UR50D_idx1848,0,1,0
esm2_t36_3B_UR50D_idx1849,0,1,0
esm2_t36_3B_UR50D_idx1850,0,1,0
esm2_t36_3B_UR50D_idx1851,0,1,0
esm2_t36_3B_UR50D_idx1852,0,1,0
esm2_t36_3B_UR50D_idx1853,0,1,0
esm2_t36_3B_UR50D_idx1854,0,1,0
esm2_t36_3B_UR50D_idx1855,0,1,0
esm2_t36_3B_UR50D_idx1856,0,1,0
esm2_t36_3B_UR50D_idx1857,0,1,0
esm2_t36_3B_UR50D_idx1858,0,1,0
esm2_t36_3B_UR50D_idx1859,0,1,0
esm2_t36_3B_UR50D_idx1860,0,1,0
esm2_t36_3B_UR50D_idx1861,0,1,0
esm2_t36_3B_UR50D_idx1862,0,1,0
esm2_t36_3B_UR50D_idx1863,0,1,0
esm2_t36_3B_UR50D_idx1864,0,1,0
esm2_t36_3B_UR50D_idx1865,0,1,0
esm2_t36_3B_UR50D_idx1866,0,1,0
esm2_t36_3B_UR50D_idx1867,0,1,0
esm2_t36_3B_UR50D_idx1868,0,1,0
esm2_t36_3B_UR50D_idx1869,0,1,0
esm2_t36_3B_UR50D_idx1870,0,1,0
esm2_t36_3B_UR50D_idx1871,0,1,0
esm2_t36_3B_UR50D_idx1872,0,1,0
esm2_t36_3B_UR50D_idx1873,0,1,0
esm2_t36_3B_UR50D_idx1874,0,1,0
esm2_t36_3B_UR50D_idx1875,0,1,0
esm2_t36_3B_UR50D_idx1876,0,1,0
esm2_t36_3B_UR50D_idx1877,0,1,0
esm2_t36_3B_UR50D_idx1878,0,1,0
esm2_t36_3B_UR50D_idx1879,0,1,0
esm2_t36_3B_UR50D_idx1880,0,1,0
esm2_t36_3B_UR50D_idx1881,0,1,0
esm2_t36_3B_UR50D_idx1882,0,1,0
esm2_t36_3B_UR50D_idx1883,0,1,0
esm2_t36_3B_UR50D_idx1884,0,1,0
esm2_t36_3B_UR50D_idx1885,0,1,0
esm2_t36_3B_UR50D_idx1886,0,1,0
esm2_t36_3B_UR50D_idx1887,0,1,0
esm2_t36_3B_UR50D_idx1888,0,1,0
esm2_t36_3B_UR50D_idx1889,0,1,0
esm2_t36_3B_UR50D_idx1890,0,1,0
esm2_t36_3B_UR50D_idx1891,0,1,0
esm2_t36_3B_UR50D_idx1892,0,1,0
esm2_t36_3B_UR50D_idx1893,0,1,0
esm2_t36_3B_UR50D_idx1894,0,1,0
esm2_t36_3B_UR50D_idx1895,0,1,0
esm2_t36_3B_UR50D_idx1896,0,1,0
esm2_t36_3B_UR50D_idx1897,0,1,0
esm2_t36_3B_UR50D_idx1898,0,1,0
esm2_t36_3B_UR50D_idx1899,0,1,0
esm2_t36_3B_UR50D_idx1900,0,1,0
esm2_t36_3B_UR50D_idx1901,0,1,0
esm2_t36_3B_UR50D_idx1902,0,1,0
esm2_t36_3B_UR50D_idx1903,0,1,0
esm2_t36_3B_UR50D_idx1904,0,1,0
esm2_t36_3B_UR50D_idx1905,0,1,0
esm2_t36_3B_UR50D_idx1906,0,1,0
esm2_t36_3B_UR50D_idx1907,0,1,0
esm2_t36_3B_UR50D_idx1908,0,1,0
esm2_t36_3B_UR50D_idx1909,0,1,0
esm2_t36_3B_UR50D_idx1910,0,1,0
esm2_t36_3B_UR50D_idx1911,0,1,0
esm2_t36_3B_UR50D_idx1912,0,1,0
esm2_t36_3B_UR50D_idx1913,0,1,0
esm2_t36_3B_UR50D_idx1914,0,1,0
esm2_t36_3B_UR50D_idx1915,0,1,0
esm2_t36_3B_UR50D_idx1916,0,1,0
esm2_t36_3B_UR50D_idx1917,0,1,0
esm2_t36_3B_UR50D_idx1918,0,1,0
esm2_t36_3B_UR50D_idx1919,0,1,0
esm2_t36_3B_UR50D_idx1920,0,1,0
esm2_t36_3B_UR50D_idx1921,0,1,0
esm2_t36_3B_UR50D_idx1922,0,1,0
esm2_t36_3B_UR50D_idx1923,0,1,0
esm2_t36_3B_UR50D_idx1924,0,1,0
esm2_t36_3B_UR50D_idx1925,0,1,0
esm2_t36_3B_UR50D_idx1926,0,1,0
esm2_t36_3B_UR50D_idx1927,0,1,0
esm2_t36_3B_UR50D_idx1928,0,1,0
esm2_t36_3B_UR50D_idx1929,0,1,0
esm2_t36_3B_UR50D_idx1930,0,1,0
esm2_t36_3B_UR50D_idx1931,0,1,0
esm2_t36_3B_UR50D_idx1932,0,1,0
esm2_t36_3B_UR50D_idx1933,0,1,0
esm2_t36_3B_UR50D_idx1934,0,1,0
esm2_t36_3B_UR50D_idx1935,0,1,0
esm2_t36_3B_UR50D_idx1936,0,1,0
esm2_t36_3B_UR50D_idx1937,0,1,0
esm2_t36_3B_UR50D_idx1938,0,1,0
esm2_t36_3B_UR50D_idx1939,0,1,0
esm2_t36_3B_UR50D_idx1940,0,1,0
esm2_t36_3B_UR50D_idx1941,0,1,0
esm2_t36_3B_UR50D_idx1942,0,1,0
esm2_t36_3B_UR50D_idx1943,0,1,0
esm2_t36_3B_UR50D_idx1944,0,1,0
esm2_t36_3B_UR50D_idx1945,0,1,0
esm2_t36_3B_UR50D_idx1946,0,1,0
esm2_t36_3B_UR50D_idx1947,0,1,0
esm2_t36_3B_UR50D_idx1948,0,1,0
esm2_t36_3B_UR50D_idx1949,0,1,0
esm2_t36_3B_UR50D_idx1950,0,1,0
esm2_t36_3B_UR50D_idx1951,0,1,0
esm2_t36_3B_UR50D_idx1952,0,1,0
esm2_t36_3B_UR50D_idx1953,0,1,0
esm2_t36_3B_UR50D_idx1954,0,1,0
esm2_t36_3B_UR50D_idx1955,0,1,0
esm2_t36_3B_UR50D_idx1956,0,1,0
esm2_t36_3B_UR50D_idx1957,0,1,0
esm2_t36_3B_UR50D_idx1958,0,1,0
esm2_t36_3B_UR50D_idx1959,0,1,0
esm2_t36_3B_UR50D_idx1960,0,1,0
esm2_t36_3B_UR50D_idx1961,0,1,0
esm2_t36_3B_UR50D_idx1962,0,1,0
esm2_t36_3B_UR50D_idx1963,0,1,0
esm2_t36_3B_UR50D_idx1964,0,1,0
esm2_t36_3B_UR50D_idx1965,0,1,0
esm2_t36_3B_UR50D_idx1966,0,1,0
esm2_t36_3B_UR50D_idx1967,0,1,0
esm2_t36_3B_UR50D_idx1968,0,1,0
esm2_t36_3B_UR50D_idx1969,0,1,0
esm2_t36_3B_UR50D_idx1970,0,1,0
esm2_t36_3B_UR50D_idx1971,0,1,0
esm2_t36_3B_UR50D_idx1972,0,1,0
esm2_t36_3B_UR50D_idx1973,0,1,0
esm2_t36_3B_UR50D_idx1974,0,1,0
esm2_t36_3B_UR50D_idx1975,0,1,0
esm2_t36_3B_UR50D_idx1976,0,1,0
esm2_t36_3B_UR50D_idx1977,0,1,0
esm2_t36_3B_UR50D_idx1978,0,1,0
esm2_t36_3B_UR50D_idx1979,0,1,0
esm2_t36_3B_UR50D_idx1980,0,1,0
esm2_t36_3B_UR50D_idx1981,0,1,0
esm2_t36_3B_UR50D_idx1982,0,1,0
esm2_t36_3B_UR50D_idx1983,0,1,0
esm2_t36_3B_UR50D_idx1984,0,1,0
esm2_t36_3B_UR50D_idx1985,0,1,0
esm2_t36_3B_UR50D_idx1986,0,1,0
esm2_t36_3B_UR50D_idx1987,0,1,0
esm2_t36_3B_UR50D_idx1988,0,1,0
esm2_t36_3B_UR50D_idx1989,0,1,0
esm2_t36_3B_UR50D_idx1990,0,1,0
esm2_t36_3B_UR50D_idx1991,0,1,0
esm2_t36_3B_UR50D_idx1992,0,1,0
esm2_t36_3B_UR50D_idx1993,0,1,0
esm2_t36_3B_UR50D_idx1994,0,1,0
esm2_t36_3B_UR50D_idx1995,0,1,0
esm2_t36_3B_UR50D_idx1996,0,1,0
esm2_t36_3B_UR50D_idx1997,0,1,0
esm2_t36_3B_UR50D_idx1998,0,1,0
esm2_t36_3B_UR50D_idx1999,0,1,0
esm2_t36_3B_UR50D_idx2000,0,1,0
esm2_t36_3B_UR50D_idx2001,0,1,0
esm2_t36_3B_UR50D_idx2002,0,1,0
esm2_t36_3B_UR50D_idx2003,0,1,0
esm2_t36_3B_UR50D_idx2004,0,1,0
esm2_t36_3B_UR50D_idx2005,0,1,0
esm2_t36_3B_UR50D_idx2006,0,1,0
esm2_t36_3B_UR50D_idx2007,0,1,0
esm2_t36_3B_UR50D_idx2008,0,1,0
esm2_t36_3B_UR50D_idx2009,0,1,0
esm2_t36_3B_UR50D_idx2010,0,1,0
esm2_t36_3B_UR50D_idx2011,0,1,0
esm2_t36_3B_UR50D_idx2012,0,1,0
esm2_t36_3B_UR50D_idx2013,0,1,0
esm2_t36_3B_UR50D_idx2014,0,1,0
esm2_t36_3B_UR50D_idx2015,0,1,0
esm2_t36_3B_UR50D_idx2016,0,1,0
esm2_t36_3B_UR50D_idx2017,0,1,0
esm2_t36_3B_UR50D_idx2018,0,1,0
esm2_t36_3B_UR50D_idx2019,0,1,0
esm2_t36_3B_UR50D_idx2020,0,1,0
esm2_t36_3B_UR50D_idx2021,0,1,0
esm2_t36_3B_UR50D_idx2022,0,1,0
esm2_t36_3B_UR50D_idx2023,0,1,0
esm2_t36_3B_UR50D_idx2024,0,1,0
esm2_t36_3B_UR50D_idx2025,0,1,0
esm2_t36_3B_UR50D_idx2026,0,1,0
esm2_t36_3B_UR50D_idx2027,0,1,0
esm2_t36_3B_UR50D_idx2028,0,1,0
esm2_t36_3B_UR50D_idx2029,0,1,0
esm2_t36_3B_UR50D_idx2030,0,1,0
esm2_t36_3B_UR50D_idx2031,0,1,0
esm2_t36_3B_UR50D_idx2032,0,1,0
esm2_t36_3B_UR50D_idx2033,0,1,0
esm2_t36_3B_UR50D_idx2034,0,1,0
esm2_t36_3B_UR50D_idx2035,0,1,0
esm2_t36_3B_UR50D_idx2036,0,1,0
esm2_t36_3B_UR50D_idx2037,0,1,0
esm2_t36_3B_UR50D_idx2038,0,1,0
esm2_t36_3B_UR50D_idx2039,0,1,0
esm2_t36_3B_UR50D_idx2040,0,1,0
esm2_t36_3B_UR50D_idx2041,0,1,0
esm2_t36_3B_UR50D_idx2042,0,1,0
esm2_t36_3B_UR50D_idx2043,0,1,0
esm2_t36_3B_UR50D_idx2044,0,1,0
esm2_t36_3B_UR50D_idx2045,0,1,0
esm2_t36_3B_UR50D_idx2046,0,1,0
esm2_t36_3B_UR50D_idx2047,0,1,0
esm2_t36_3B_UR50D_idx2048,0,1,0
esm2_t36_3B_UR50D_idx2049,0,1,0
esm2_t36_3B_UR50D_idx2050,0,1,0
esm2_t36_3B_UR50D_idx2051,0,1,0
esm2_t36_3B_UR50D_idx2052,0,1,0
esm2_t36_3B_UR50D_idx2053,0,1,0
esm2_t36_3B_UR50D_idx2054,0,1,0
esm2_t36_3B_UR50D_idx2055,0,1,0
esm2_t36_3B_UR50D_idx2056,0,1,0
esm2_t36_3B_UR50D_idx2057,0,1,0
esm2_t36_3B_UR50D_idx2058,0,1,0
esm2_t36_3B_UR50D_idx2059,0,1,0
esm2_t36_3B_UR50D_idx2060,0,1,0
esm2_t36_3B_UR50D_idx2061,0,1,0
esm2_t36_3B_UR50D_idx2062,0,1,0
esm2_t36_3B_UR50D_idx2063,0,1,0
esm2_t36_3B_UR50D_idx2064,0,1,0
esm2_t36_3B_UR50D_idx2065,0,1,0
esm2_t36_3B_UR50D_idx2066,0,1,0
esm2_t36_3B_UR50D_idx2067,0,1,0
esm2_t36_3B_UR50D_idx2068,0,1,0
esm2_t36_3B_UR50D_idx2069,0,1,0
esm2_t36_3B_UR50D_idx2070,0,1,0
esm2_t36_3B_UR50D_idx2071,0,1,0
esm2_t36_3B_UR50D_idx2072,0,1,0
esm2_t36_3B_UR50D_idx2073,0,1,0
esm2_t36_3B_UR50D_idx2074,0,1,0
esm2_t36_3B_UR50D_idx2075,0,1,0
esm2_t36_3B_UR50D_idx2076,0,1,0
esm2_t36_3B_UR50D_idx2077,0,1,0
esm2_t36_3B_UR50D_idx2078,0,1,0
esm2_t36_3B_UR50D_idx2079,0,1,0
esm2_t36_3B_UR50D_idx2080,0,1,0
esm2_t36_3B_UR50D_idx2081,0,1,0
esm2_t36_3B_UR50D_idx2082,0,1,0
esm2_t36_3B_UR50D_idx2083,0,1,0
esm2_t36_3B_UR50D_idx2084,0,1,0
esm2_t36_3B_UR50D_idx2085,0,1,0
esm2_t36_3B_UR50D_idx2086,0,1,0
esm2_t36_3B_UR50D_idx2087,0,1,0
esm2_t36_3B_UR50D_idx2088,0,1,0
esm2_t36_3B_UR50D_idx2089,0,1,0
esm2_t36_3B_UR50D_idx2090,0,1,0
esm2_t36_3B_UR50D_idx2091,0,1,0
esm2_t36_3B_UR50D_idx2092,0,1,0
esm2_t36_3B_UR50D_idx2093,0,1,0
esm2_t36_3B_UR50D_idx2094,0,1,0
esm2_t36_3B_UR50D_idx2095,0,1,0
esm2_t36_3B_UR50D_idx2096,0,1,0
esm2_t36_3B_UR50D_idx2097,0,1,0
esm2_t36_3B_UR50D_idx2098,0,1,0
esm2_t36_3B_UR50D_idx2099,0,1,0
esm2_t36_3B_UR50D_idx2100,0,1,0
esm2_t36_3B_UR50D_idx2101,0,1,0
esm2_t36_3B_UR50D_idx2102,0,1,0
esm2_t36_3B_UR50D_idx2103,0,1,0
esm2_t36_3B_UR50D_idx2104,0,1,0
esm2_t36_3B_UR50D_idx2105,0,1,0
esm2_t36_3B_UR50D_idx2106,0,1,0
esm2_t36_3B_UR50D_idx2107,0,1,0
esm2_t36_3B_UR50D_idx2108,0,1,0
esm2_t36_3B_UR50D_idx2109,0,1,0
esm2_t36_3B_UR50D_idx2110,0,1,0
esm2_t36_3B_UR50D_idx2111,0,1,0
esm2_t36_3B_UR50D_idx2112,0,1,0
esm2_t36_3B_UR50D_idx2113,0,1,0
esm2_t36_3B_UR50D_idx2114,0,1,0
esm2_t36_3B_UR50D_idx2115,0,1,0
esm2_t36_3B_UR50D_idx2116,0,1,0
esm2_t36_3B_UR50D_idx2117,0,1,0
esm2_t36_3B_UR50D_idx2118,0,1,0
esm2_t36_3B_UR50D_idx2119,0,1,0
esm2_t36_3B_UR50D_idx2120,0,1,0
esm2_t36_3B_UR50D_idx2121,0,1,0
esm2_t36_3B_UR50D_idx2122,0,1,0
esm2_t36_3B_UR50D_idx2123,0,1,0
esm2_t36_3B_UR50D_idx2124,0,1,0
esm2_t36_3B_UR50D_idx2125,0,1,0
esm2_t36_3B_UR50D_idx2126,0,1,0
esm2_t36_3B_UR50D_idx2127,0,1,0
esm2_t36_3B_UR50D_idx2128,0,1,0
esm2_t36_3B_UR50D_idx2129,0,1,0
esm2_t36_3B_UR50D_idx2130,0,1,0
esm2_t36_3B_UR50D_idx2131,0,1,0
esm2_t36_3B_UR50D_idx2132,0,1,0
esm2_t36_3B_UR50D_idx2133,0,1,0
esm2_t36_3B_UR50D_idx2134,0,1,0
esm2_t36_3B_UR50D_idx2135,0,1,0
esm2_t36_3B_UR50D_idx2136,0,1,0
esm2_t36_3B_UR50D_idx2137,0,1,0
esm2_t36_3B_UR50D_idx2138,0,1,0
esm2_t36_3B_UR50D_idx2139,0,1,0
esm2_t36_3B_UR50D_idx2140,0,1,0
esm2_t36_3B_UR50D_idx2141,0,1,0
esm2_t36_3B_UR50D_idx2142,0,1,0
esm2_t36_3B_UR50D_idx2143,0,1,0
esm2_t36_3B_UR50D_idx2144,0,1,0
esm2_t36_3B_UR50D_idx2145,0,1,0
esm2_t36_3B_UR50D_idx2146,0,1,0
esm2_t36_3B_UR50D_idx2147,0,1,0
esm2_t36_3B_UR50D_idx2148,0,1,0
esm2_t36_3B_UR50D_idx2149,0,1,0
esm2_t36_3B_UR50D_idx2150,0,1,0
esm2_t36_3B_UR50D_idx2151,0,1,0
esm2_t36_3B_UR50D_idx2152,0,1,0
esm2_t36_3B_UR50D_idx2153,0,1,0
esm2_t36_3B_UR50D_idx2154,0,1,0
esm2_t36_3B_UR50D_idx2155,0,1,0
esm2_t36_3B_UR50D_idx2156,0,1,0
esm2_t36_3B_UR50D_idx2157,0,1,0
esm2_t36_3B_UR50D_idx2158,0,1,0
esm2_t36_3B_UR50D_idx2159,0,1,0
esm2_t36_3B_UR50D_idx2160,0,1,0
esm2_t36_3B_UR50D_idx2161,0,1,0
esm2_t36_3B_UR50D_idx2162,0,1,0
esm2_t36_3B_UR50D_idx2163,0,1,0
esm2_t36_3B_UR50D_idx2164,0,1,0
esm2_t36_3B_UR50D_idx2165,0,1,0
esm2_t36_3B_UR50D_idx2166,0,1,0
esm2_t36_3B_UR50D_idx2167,0,1,0
esm2_t36_3B_UR50D_idx2168,0,1,0
esm2_t36_3B_UR50D_idx2169,0,1,0
esm2_t36_3B_UR50D_idx2170,0,1,0
esm2_t36_3B_UR50D_idx2171,0,1,0
esm2_t36_3B_UR50D_idx2172,0,1,0
esm2_t36_3B_UR50D_idx2173,0,1,0
esm2_t36_3B_UR50D_idx2174,0,1,0
esm2_t36_3B_UR50D_idx2175,0,1,0
esm2_t36_3B_UR50D_idx2176,0,1,0
esm2_t36_3B_UR50D_idx2177,0,1,0
esm2_t36_3B_UR50D_idx2178,0,1,0
esm2_t36_3B_UR50D_idx2179,0,1,0
esm2_t36_3B_UR50D_idx2180,0,1,0
esm2_t36_3B_UR50D_idx2181,0,1,0
esm2_t36_3B_UR50D_idx2182,0,1,0
esm2_t36_3B_UR50D_idx2183,0,1,0
esm2_t36_3B_UR50D_idx2184,0,1,0
esm2_t36_3B_UR50D_idx2185,0,1,0
esm2_t36_3B_UR50D_idx2186,0,1,0
esm2_t36_3B_UR50D_idx2187,0,1,0
esm2_t36_3B_UR50D_idx2188,0,1,0
esm2_t36_3B_UR50D_idx2189,0,1,0
esm2_t36_3B_UR50D_idx2190,0,1,0
esm2_t36_3B_UR50D_idx2191,0,1,0
esm2_t36_3B_UR50D_idx2192,0,1,0
esm2_t36_3B_UR50D_idx2193,0,1,0
esm2_t36_3B_UR50D_idx2194,0,1,0
esm2_t36_3B_UR50D_idx2195,0,1,0
esm2_t36_3B_UR50D_idx2196,0,1,0
esm2_t36_3B_UR50D_idx2197,0,1,0
esm2_t36_3B_UR50D_idx2198,0,1,0
esm2_t36_3B_UR50D_idx2199,0,1,0
esm2_t36_3B_UR50D_idx2200,0,1,0
esm2_t36_3B_UR50D_idx2201,0,1,0
esm2_t36_3B_UR50D_idx2202,0,1,0
esm2_t36_3B_UR50D_idx2203,0,1,0
esm2_t36_3B_UR50D_idx2204,0,1,0
esm2_t36_3B_UR50D_idx2205,0,1,0
esm2_t36_3B_UR50D_idx2206,0,1,0
esm2_t36_3B_UR50D_idx2207,0,1,0
esm2_t36_3B_UR50D_idx2208,0,1,0
esm2_t36_3B_UR50D_idx2209,0,1,0
esm2_t36_3B_UR50D_idx2210,0,1,0
esm2_t36_3B_UR50D_idx2211,0,1,0
esm2_t36_3B_UR50D_idx2212,0,1,0
esm2_t36_3B_UR50D_idx2213,0,1,0
esm2_t36_3B_UR50D_idx2214,0,1,0
esm2_t36_3B_UR50D_idx2215,0,1,0
esm2_t36_3B_UR50D_idx2216,0,1,0
esm2_t36_3B_UR50D_idx2217,0,1,0
esm2_t36_3B_UR50D_idx2218,0,1,0
esm2_t36_3B_UR50D_idx2219,0,1,0
esm2_t36_3B_UR50D_idx2220,0,1,0
esm2_t36_3B_UR50D_idx2221,0,1,0
esm2_t36_3B_UR50D_idx2222,0,1,0
esm2_t36_3B_UR50D_idx2223,0,1,0
esm2_t36_3B_UR50D_idx2224,0,1,0
esm2_t36_3B_UR50D_idx2225,0,1,0
esm2_t36_3B_UR50D_idx2226,0,1,0
esm2_t36_3B_UR50D_idx2227,0,1,0
esm2_t36_3B_UR50D_idx2228,0,1,0
esm2_t36_3B_UR50D_idx2229,0,1,0
esm2_t36_3B_UR50D_idx2230,0,1,0
esm2_t36_3B_UR50D_idx2231,0,1,0
esm2_t36_3B_UR50D_idx2232,0,1,0
esm2_t36_3B_UR50D_idx2233,0,1,0
esm2_t36_3B_UR50D_idx2234,0,1,0
esm2_t36_3B_UR50D_idx2235,0,1,0
esm2_t36_3B_UR50D_idx2236,0,1,0
esm2_t36_3B_UR50D_idx2237,0,1,0
esm2_t36_3B_UR50D_idx2238,0,1,0
esm2_t36_3B_UR50D_idx2239,0,1,0
esm2_t36_3B_UR50D_idx2240,0,1,0
esm2_t36_3B_UR50D_idx2241,0,1,0
esm2_t36_3B_UR50D_idx2242,0,1,0
esm2_t36_3B_UR50D_idx2243,0,1,0
esm2_t36_3B_UR50D_idx2244,0,1,0
esm2_t36_3B_UR50D_idx2245,0,1,0
esm2_t36_3B_UR50D_idx2246,0,1,0
esm2_t36_3B_UR50D_idx2247,0,1,0
esm2_t36_3B_UR50D_idx2248,0,1,0
esm2_t36_3B_UR50D_idx2249,0,1,0
esm2_t36_3B_UR50D_idx2250,0,1,0
esm2_t36_3B_UR50D_idx2251,0,1,0
esm2_t36_3B_UR50D_idx2252,0,1,0
esm2_t36_3B_UR50D_idx2253,0,1,0
esm2_t36_3B_UR50D_idx2254,0,1,0
esm2_t36_3B_UR50D_idx2255,0,1,0
esm2_t36_3B_UR50D_idx2256,0,1,0
esm2_t36_3B_UR50D_idx2257,0,1,0
esm2_t36_3B_UR50D_idx2258,0,1,0
esm2_t36_3B_UR50D_idx2259,0,1,0
esm2_t36_3B_UR50D_idx2260,0,1,0
esm2_t36_3B_UR50D_idx2261,0,1,0
esm2_t36_3B_UR50D_idx2262,0,1,0
esm2_t36_3B_UR50D_idx2263,0,1,0
esm2_t36_3B_UR50D_idx2264,0,1,0
esm2_t36_3B_UR50D_idx2265,0,1,0
esm2_t36_3B_UR50D_idx2266,0,1,0
esm2_t36_3B_UR50D_idx2267,0,1,0
esm2_t36_3B_UR50D_idx2268,0,1,0
esm2_t36_3B_UR50D_idx2269,0,1,0
esm2_t36_3B_UR50D_idx2270,0,1,0
esm2_t36_3B_UR50D_idx2271,0,1,0
esm2_t36_3B_UR50D_idx2272,0,1,0
esm2_t36_3B_UR50D_idx2273,0,1,0
esm2_t36_3B_UR50D_idx2274,0,1,0
esm2_t36_3B_UR50D_idx2275,0,1,0
esm2_t36_3B_UR50D_idx2276,0,1,0
esm2_t36_3B_UR50D_idx2277,0,1,0
esm2_t36_3B_UR50D_idx2278,0,1,0
esm2_t36_3B_UR50D_idx2279,0,1,0
esm2_t36_3B_UR50D_idx2280,0,1,0
esm2_t36_3B_UR50D_idx2281,0,1,0
esm2_t36_3B_UR50D_idx2282,0,1,0
esm2_t36_3B_UR50D_idx2283,0,1,0
esm2_t36_3B_UR50D_idx2284,0,1,0
esm2_t36_3B_UR50D_idx2285,0,1,0
esm2_t36_3B_UR50D_idx2286,0,1,0
esm2_t36_3B_UR50D_idx2287,0,1,0
esm2_t36_3B_UR50D_idx2288,0,1,0
esm2_t36_3B_UR50D_idx2289,0,1,0
esm2_t36_3B_UR50D_idx2290,0,1,0
esm2_t36_3B_UR50D_idx2291,0,1,0
esm2_t36_3B_UR50D_idx2292,0,1,0
esm2_t36_3B_UR50D_idx2293,0,1,0
esm2_t36_3B_UR50D_idx2294,0,1,0
esm2_t36_3B_UR50D_idx2295,0,1,0
esm2_t36_3B_UR50D_idx2296,0,1,0
esm2_t36_3B_UR50D_idx2297,0,1,0
esm2_t36_3B_UR50D_idx2298,0,1,0
esm2_t36_3B_UR50D_idx2299,0,1,0
esm2_t36_3B_UR50D_idx2300,0,1,0
esm2_t36_3B_UR50D_idx2301,0,1,0
esm2_t36_3B_UR50D_idx2302,0,1,0
esm2_t36_3B_UR50D_idx2303,0,1,0
esm2_t36_3B_UR50D_idx2304,0,1,0
esm2_t36_3B_UR50D_idx2305,0,1,0
esm2_t36_3B_UR50D_idx2306,0,1,0
esm2_t36_3B_UR50D_idx2307,0,1,0
esm2_t36_3B_UR50D_idx2308,0,1,0
esm2_t36_3B_UR50D_idx2309,0,1,0
esm2_t36_3B_UR50D_idx2310,0,1,0
esm2_t36_3B_UR50D_idx2311,0,1,0
esm2_t36_3B_UR50D_idx2312,0,1,0
esm2_t36_3B_UR50D_idx2313,0,1,0
esm2_t36_3B_UR50D_idx2314,0,1,0
esm2_t36_3B_UR50D_idx2315,0,1,0
esm2_t36_3B_UR50D_idx2316,0,1,0
esm2_t36_3B_UR50D_idx2317,0,1,0
esm2_t36_3B_UR50D_idx2318,0,1,0
esm2_t36_3B_UR50D_idx2319,0,1,0
esm2_t36_3B_UR50D_idx2320,0,1,0
esm2_t36_3B_UR50D_idx2321,0,1,0
esm2_t36_3B_UR50D_idx2322,0,1,0
esm2_t36_3B_UR50D_idx2323,0,1,0
esm2_t36_3B_UR50D_idx2324,0,1,0
esm2_t36_3B_UR50D_idx2325,0,1,0
esm2_t36_3B_UR50D_idx2326,0,1,0
esm2_t36_3B_UR50D_idx2327,0,1,0
esm2_t36_3B_UR50D_idx2328,0,1,0
esm2_t36_3B_UR50D_idx2329,0,1,0
esm2_t36_3B_UR50D_idx2330,0,1,0
esm2_t36_3B_UR50D_idx2331,0,1,0
esm2_t36_3B_UR50D_idx2332,0,1,0
esm2_t36_3B_UR50D_idx2333,0,1,0
esm2_t36_3B_UR50D_idx2334,0,1,0
esm2_t36_3B_UR50D_idx2335,0,1,0
esm2_t36_3B_UR50D_idx2336,0,1,0
esm2_t36_3B_UR50D_idx2337,0,1,0
esm2_t36_3B_UR50D_idx2338,0,1,0
esm2_t36_3B_UR50D_idx2339,0,1,0
esm2_t36_3B_UR50D_idx2340,0,1,0
esm2_t36_3B_UR50D_idx2341,0,1,0
esm2_t36_3B_UR50D_idx2342,0,1,0
esm2_t36_3B_UR50D_idx2343,0,1,0
esm2_t36_3B_UR50D_idx2344,0,1,0
esm2_t36_3B_UR50D_idx2345,0,1,0
esm2_t36_3B_UR50D_idx2346,0,1,0
esm2_t36_3B_UR50D_idx2347,0,1,0
esm2_t36_3B_UR50D_idx2348,0,1,0
esm2_t36_3B_UR50D_idx2349,0,1,0
esm2_t36_3B_UR50D_idx2350,0,1,0
esm2_t36_3B_UR50D_idx2351,0,1,0
esm2_t36_3B_UR50D_idx2352,0,1,0
esm2_t36_3B_UR50D_idx2353,0,1,0
esm2_t36_3B_UR50D_idx2354,0,1,0
esm2_t36_3B_UR50D_idx2355,0,1,0
esm2_t36_3B_UR50D_idx2356,0,1,0
esm2_t36_3B_UR50D_idx2357,0,1,0
esm2_t36_3B_UR50D_idx2358,0,1,0
esm2_t36_3B_UR50D_idx2359,0,1,0
esm2_t36_3B_UR50D_idx2360,0,1,0
esm2_t36_3B_UR50D_idx2361,0,1,0
esm2_t36_3B_UR50D_idx2362,0,1,0
esm2_t36_3B_UR50D_idx2363,0,1,0
esm2_t36_3B_UR50D_idx2364,0,1,0
esm2_t36_3B_UR50D_idx2365,0,1,0
esm2_t36_3B_UR50D_idx2366,0,1,0
esm2_t36_3B_UR50D_idx2367,0,1,0
esm2_t36_3B_UR50D_idx2368,0,1,0
esm2_t36_3B_UR50D_idx2369,0,1,0
esm2_t36_3B_UR50D_idx2370,0,1,0
esm2_t36_3B_UR50D_idx2371,0,1,0
esm2_t36_3B_UR50D_idx2372,0,1,0
esm2_t36_3B_UR50D_idx2373,0,1,0
esm2_t36_3B_UR50D_idx2374,0,1,0
esm2_t36_3B_UR50D_idx2375,0,1,0
esm2_t36_3B_UR50D_idx2376,0,1,0
esm2_t36_3B_UR50D_idx2377,0,1,0
esm2_t36_3B_UR50D_idx2378,0,1,0
esm2_t36_3B_UR50D_idx2379,0,1,0
esm2_t36_3B_UR50D_idx2380,0,1,0
esm2_t36_3B_UR50D_idx2381,0,1,0
esm2_t36_3B_UR50D_idx2382,0,1,0
esm2_t36_3B_UR50D_idx2383,0,1,0
esm2_t36_3B_UR50D_idx2384,0,1,0
esm2_t36_3B_UR50D_idx2385,0,1,0
esm2_t36_3B_UR50D_idx2386,0,1,0
esm2_t36_3B_UR50D_idx2387,0,1,0
esm2_t36_3B_UR50D_idx2388,0,1,0
esm2_t36_3B_UR50D_idx2389,0,1,0
esm2_t36_3B_UR50D_idx2390,0,1,0
esm2_t36_3B_UR50D_idx2391,0,1,0
esm2_t36_3B_UR50D_idx2392,0,1,0
esm2_t36_3B_UR50D_idx2393,0,1,0
esm2_t36_3B_UR50D_idx2394,0,1,0
esm2_t36_3B_UR50D_idx2395,0,1,0
esm2_t36_3B_UR50D_idx2396,0,1,0
esm2_t36_3B_UR50D_idx2397,0,1,0
esm2_t36_3B_UR50D_idx2398,0,1,0
esm2_t36_3B_UR50D_idx2399,0,1,0
esm2_t36_3B_UR50D_idx2400,0,1,0
esm2_t36_3B_UR50D_idx2401,0,1,0
esm2_t36_3B_UR50D_idx2402,0,1,0
esm2_t36_3B_UR50D_idx2403,0,1,0
esm2_t36_3B_UR50D_idx2404,0,1,0
esm2_t36_3B_UR50D_idx2405,0,1,0
esm2_t36_3B_UR50D_idx2406,0,1,0
esm2_t36_3B_UR50D_idx2407,0,1,0
esm2_t36_3B_UR50D_idx2408,0,1,0
esm2_t36_3B_UR50D_idx2409,0,1,0
esm2_t36_3B_UR50D_idx2410,0,1,0
esm2_t36_3B_UR50D_idx2411,0,1,0
esm2_t36_3B_UR50D_idx2412,0,1,0
esm2_t36_3B_UR50D_idx2413,0,1,0
esm2_t36_3B_UR50D_idx2414,0,1,0
esm2_t36_3B_UR50D_idx2415,0,1,0
esm2_t36_3B_UR50D_idx2416,0,1,0
esm2_t36_3B_UR50D_idx2417,0,1,0
esm2_t36_3B_UR50D_idx2418,0,1,0
esm2_t36_3B_UR50D_idx2419,0,1,0
esm2_t36_3B_UR50D_idx2420,0,1,0
esm2_t36_3B_UR50D_idx2421,0,1,0
esm2_t36_3B_UR50D_idx2422,0,1,0
esm2_t36_3B_UR50D_idx2423,0,1,0
esm2_t36_3B_UR50D_idx2424,0,1,0
esm2_t36_3B_UR50D_idx2425,0,1,0
esm2_t36_3B_UR50D_idx2426,0,1,0
esm2_t36_3B_UR50D_idx2427,0,1,0
esm2_t36_3B_UR50D_idx2428,0,1,0
esm2_t36_3B_UR50D_idx2429,0,1,0
esm2_t36_3B_UR50D_idx2430,0,1,0
esm2_t36_3B_UR50D_idx2431,0,1,0
esm2_t36_3B_UR50D_idx2432,0,1,0
esm2_t36_3B_UR50D_idx2433,0,1,0
esm2_t36_3B_UR50D_idx2434,0,1,0
esm2_t36_3B_UR50D_idx2435,0,1,0
esm2_t36_3B_UR50D_idx2436,0,1,0
esm2_t36_3B_UR50D_idx2437,0,1,0
esm2_t36_3B_UR50D_idx2438,0,1,0
esm2_t36_3B_UR50D_idx2439,0,1,0
esm2_t36_3B_UR50D_idx2440,0,1,0
esm2_t36_3B_UR50D_idx2441,0,1,0
esm2_t36_3B_UR50D_idx2442,0,1,0
esm2_t36_3B_UR50D_idx2443,0,1,0
esm2_t36_3B_UR50D_idx2444,0,1,0
esm2_t36_3B_UR50D_idx2445,0,1,0
esm2_t36_3B_UR50D_idx2446,0,1,0
esm2_t36_3B_UR50D_idx2447,0,1,0
esm2_t36_3B_UR50D_idx2448,0,1,0
esm2_t36_3B_UR50D_idx2449,0,1,0
esm2_t36_3B_UR50D_idx2450,0,1,0
esm2_t36_3B_UR50D_idx2451,0,1,0
esm2_t36_3B_UR50D_idx2452,0,1,0
esm2_t36_3B_UR50D_idx2453,0,1,0
esm2_t36_3B_UR50D_idx2454,0,1,0
esm2_t36_3B_UR50D_idx2455,0,1,0
esm2_t36_3B_UR50D_idx2456,0,1,0
esm2_t36_3B_UR50D_idx2457,0,1,0
esm2_t36_3B_UR50D_idx2458,0,1,0
esm2_t36_3B_UR50D_idx2459,0,1,0
esm2_t36_3B_UR50D_idx2460,0,1,0
esm2_t36_3B_UR50D_idx2461,0,1,0
esm2_t36_3B_UR50D_idx2462,0,1,0
esm2_t36_3B_UR50D_idx2463,0,1,0
esm2_t36_3B_UR50D_idx2464,0,1,0
esm2_t36_3B_UR50D_idx2465,0,1,0
esm2_t36_3B_UR50D_idx2466,0,1,0
esm2_t36_3B_UR50D_idx2467,0,1,0
esm2_t36_3B_UR50D_idx2468,0,1,0
esm2_t36_3B_UR50D_idx2469,0,1,0
esm2_t36_3B_UR50D_idx2470,0,1,0
esm2_t36_3B_UR50D_idx2471,0,1,0
esm2_t36_3B_UR50D_idx2472,0,1,0
esm2_t36_3B_UR50D_idx2473,0,1,0
esm2_t36_3B_UR50D_idx2474,0,1,0
esm2_t36_3B_UR50D_idx2475,0,1,0
esm2_t36_3B_UR50D_idx2476,0,1,0
esm2_t36_3B_UR50D_idx2477,0,1,0
esm2_t36_3B_UR50D_idx2478,0,1,0
esm2_t36_3B_UR50D_idx2479,0,1,0
esm2_t36_3B_UR50D_idx2480,0,1,0
esm2_t36_3B_UR50D_idx2481,0,1,0
esm2_t36_3B_UR50D_idx2482,0,1,0
esm2_t36_3B_UR50D_idx2483,0,1,0
esm2_t36_3B_UR50D_idx2484,0,1,0
esm2_t36_3B_UR50D_idx2485,0,1,0
esm2_t36_3B_UR50D_idx2486,0,1,0
esm2_t36_3B_UR50D_idx2487,0,1,0
esm2_t36_3B_UR50D_idx2488,0,1,0
esm2_t36_3B_UR50D_idx2489,0,1,0
esm2_t36_3B_UR50D_idx2490,0,1,0
esm2_t36_3B_UR50D_idx2491,0,1,0
esm2_t36_3B_UR50D_idx2492,0,1,0
esm2_t36_3B_UR50D_idx2493,0,1,0
esm2_t36_3B_UR50D_idx2494,0,1,0
esm2_t36_3B_UR50D_idx2495,0,1,0
esm2_t36_3B_UR50D_idx2496,0,1,0
esm2_t36_3B_UR50D_idx2497,0,1,0
esm2_t36_3B_UR50D_idx2498,0,1,0
esm2_t36_3B_UR50D_idx2499,0,1,0
esm2_t36_3B_UR50D_idx2500,0,1,0
esm2_t36_3B_UR50D_idx2501,0,1,0
esm2_t36_3B_UR50D_idx2502,0,1,0
esm2_t36_3B_UR50D_idx2503,0,1,0
esm2_t36_3B_UR50D_idx2504,0,1,0
esm2_t36_3B_UR50D_idx2505,0,1,0
esm2_t36_3B_UR50D_idx2506,0,1,0
esm2_t36_3B_UR50D_idx2507,0,1,0
esm2_t36_3B_UR50D_idx2508,0,1,0
esm2_t36_3B_UR50D_idx2509,0,1,0
esm2_t36_3B_UR50D_idx2510,0,1,0
esm2_t36_3B_UR50D_idx2511,0,1,0
esm2_t36_3B_UR50D_idx2512,0,1,0
esm2_t36_3B_UR50D_idx2513,0,1,0
esm2_t36_3B_UR50D_idx2514,0,1,0
esm2_t36_3B_UR50D_idx2515,0,1,0
esm2_t36_3B_UR50D_idx2516,0,1,0
esm2_t36_3B_UR50D_idx2517,0,1,0
esm2_t36_3B_UR50D_idx2518,0,1,0
esm2_t36_3B_UR50D_idx2519,0,1,0
esm2_t36_3B_UR50D_idx2520,0,1,0
esm2_t36_3B_UR50D_idx2521,0,1,0
esm2_t36_3B_UR50D_idx2522,0,1,0
esm2_t36_3B_UR50D_idx2523,0,1,0
esm2_t36_3B_UR50D_idx2524,0,1,0
esm2_t36_3B_UR50D_idx2525,0,1,0
esm2_t36_3B_UR50D_idx2526,0,1,0
esm2_t36_3B_UR50D_idx2527,0,1,0
esm2_t36_3B_UR50D_idx2528,0,1,0
esm2_t36_3B_UR50D_idx2529,0,1,0
esm2_t36_3B_UR50D_idx2530,0,1,0
esm2_t36_3B_UR50D_idx2531,0,1,0
esm2_t36_3B_UR50D_idx2532,0,1,0
esm2_t36_3B_UR50D_idx2533,0,1,0
esm2_t36_3B_UR50D_idx2534,0,1,0
esm2_t36_3B_UR50D_idx2535,0,1,0
esm2_t36_3B_UR50D_idx2536,0,1,0
esm2_t36_3B_UR50D_idx2537,0,1,0
esm2_t36_3B_UR50D_idx2538,0,1,0
esm2_t36_3B_UR50D_idx2539,0,1,0
esm2_t36_3B_UR50D_idx2540,0,1,0
esm2_t36_3B_UR50D_idx2541,0,1,0
esm2_t36_3B_UR50D_idx2542,0,1,0
esm2_t36_3B_UR50D_idx2543,0,1,0
esm2_t36_3B_UR50D_idx2544,0,1,0
esm2_t36_3B_UR50D_idx2545,0,1,0
esm2_t36_3B_UR50D_idx2546,0,1,0
esm2_t36_3B_UR50D_idx2547,0,1,0
esm2_t36_3B_UR50D_idx2548,0,1,0
esm2_t36_3B_UR50D_idx2549,0,1,0
esm2_t36_3B_UR50D_idx2550,0,1,0
esm2_t36_3B_UR50D_idx2551,0,1,0
esm2_t36_3B_UR50D_idx2552,0,1,0
esm2_t36_3B_UR50D_idx2553,0,1,0
esm2_t36_3B_UR50D_idx2554,0,1,0
esm2_t36_3B_UR50D_idx2555,0,1,0
esm2_t36_3B_UR50D_idx2556,0,1,0
esm2_t36_3B_UR50D_idx2557,0,1,0
esm2_t36_3B_UR50D_idx2558,0,1,0
esm2_t36_3B_UR50D_idx2559,0,1,0
