,IDs,xmol_step_400000,Subtypes
0,xmol_idx0,1,xmol_step_400000
1,xmol_idx1,1,xmol_step_400000
2,xmol_idx2,1,xmol_step_400000
3,xmol_idx3,1,xmol_step_400000
4,xmol_idx4,1,xmol_step_400000
5,xmol_idx5,1,xmol_step_400000
6,xmol_idx6,1,xmol_step_400000
7,xmol_idx7,1,xmol_step_400000
8,xmol_idx8,1,xmol_step_400000
9,xmol_idx9,1,xmol_step_400000
10,xmol_idx10,1,xmol_step_400000
11,xmol_idx11,1,xmol_step_400000
12,xmol_idx12,1,xmol_step_400000
13,xmol_idx13,1,xmol_step_400000
14,xmol_idx14,1,xmol_step_400000
15,xmol_idx15,1,xmol_step_400000
16,xmol_idx16,1,xmol_step_400000
17,xmol_idx17,1,xmol_step_400000
18,xmol_idx18,1,xmol_step_400000
19,xmol_idx19,1,xmol_step_400000
20,xmol_idx20,1,xmol_step_400000
21,xmol_idx21,1,xmol_step_400000
22,xmol_idx22,1,xmol_step_400000
23,xmol_idx23,1,xmol_step_400000
24,xmol_idx24,1,xmol_step_400000
25,xmol_idx25,1,xmol_step_400000
26,xmol_idx26,1,xmol_step_400000
27,xmol_idx27,1,xmol_step_400000
28,xmol_idx28,1,xmol_step_400000
29,xmol_idx29,1,xmol_step_400000
30,xmol_idx30,1,xmol_step_400000
31,xmol_idx31,1,xmol_step_400000
32,xmol_idx32,1,xmol_step_400000
33,xmol_idx33,1,xmol_step_400000
34,xmol_idx34,1,xmol_step_400000
35,xmol_idx35,1,xmol_step_400000
36,xmol_idx36,1,xmol_step_400000
37,xmol_idx37,1,xmol_step_400000
38,xmol_idx38,1,xmol_step_400000
39,xmol_idx39,1,xmol_step_400000
40,xmol_idx40,1,xmol_step_400000
41,xmol_idx41,1,xmol_step_400000
42,xmol_idx42,1,xmol_step_400000
43,xmol_idx43,1,xmol_step_400000
44,xmol_idx44,1,xmol_step_400000
45,xmol_idx45,1,xmol_step_400000
46,xmol_idx46,1,xmol_step_400000
47,xmol_idx47,1,xmol_step_400000
48,xmol_idx48,1,xmol_step_400000
49,xmol_idx49,1,xmol_step_400000
50,xmol_idx50,1,xmol_step_400000
51,xmol_idx51,1,xmol_step_400000
52,xmol_idx52,1,xmol_step_400000
53,xmol_idx53,1,xmol_step_400000
54,xmol_idx54,1,xmol_step_400000
55,xmol_idx55,1,xmol_step_400000
56,xmol_idx56,1,xmol_step_400000
57,xmol_idx57,1,xmol_step_400000
58,xmol_idx58,1,xmol_step_400000
59,xmol_idx59,1,xmol_step_400000
60,xmol_idx60,1,xmol_step_400000
61,xmol_idx61,1,xmol_step_400000
62,xmol_idx62,1,xmol_step_400000
63,xmol_idx63,1,xmol_step_400000
64,xmol_idx64,1,xmol_step_400000
65,xmol_idx65,1,xmol_step_400000
66,xmol_idx66,1,xmol_step_400000
67,xmol_idx67,1,xmol_step_400000
68,xmol_idx68,1,xmol_step_400000
69,xmol_idx69,1,xmol_step_400000
70,xmol_idx70,1,xmol_step_400000
71,xmol_idx71,1,xmol_step_400000
72,xmol_idx72,1,xmol_step_400000
73,xmol_idx73,1,xmol_step_400000
74,xmol_idx74,1,xmol_step_400000
75,xmol_idx75,1,xmol_step_400000
76,xmol_idx76,1,xmol_step_400000
77,xmol_idx77,1,xmol_step_400000
78,xmol_idx78,1,xmol_step_400000
79,xmol_idx79,1,xmol_step_400000
80,xmol_idx80,1,xmol_step_400000
81,xmol_idx81,1,xmol_step_400000
82,xmol_idx82,1,xmol_step_400000
83,xmol_idx83,1,xmol_step_400000
84,xmol_idx84,1,xmol_step_400000
85,xmol_idx85,1,xmol_step_400000
86,xmol_idx86,1,xmol_step_400000
87,xmol_idx87,1,xmol_step_400000
88,xmol_idx88,1,xmol_step_400000
89,xmol_idx89,1,xmol_step_400000
90,xmol_idx90,1,xmol_step_400000
91,xmol_idx91,1,xmol_step_400000
92,xmol_idx92,1,xmol_step_400000
93,xmol_idx93,1,xmol_step_400000
94,xmol_idx94,1,xmol_step_400000
95,xmol_idx95,1,xmol_step_400000
96,xmol_idx96,1,xmol_step_400000
97,xmol_idx97,1,xmol_step_400000
98,xmol_idx98,1,xmol_step_400000
99,xmol_idx99,1,xmol_step_400000
100,xmol_idx100,1,xmol_step_400000
101,xmol_idx101,1,xmol_step_400000
102,xmol_idx102,1,xmol_step_400000
103,xmol_idx103,1,xmol_step_400000
104,xmol_idx104,1,xmol_step_400000
105,xmol_idx105,1,xmol_step_400000
106,xmol_idx106,1,xmol_step_400000
107,xmol_idx107,1,xmol_step_400000
108,xmol_idx108,1,xmol_step_400000
109,xmol_idx109,1,xmol_step_400000
110,xmol_idx110,1,xmol_step_400000
111,xmol_idx111,1,xmol_step_400000
112,xmol_idx112,1,xmol_step_400000
113,xmol_idx113,1,xmol_step_400000
114,xmol_idx114,1,xmol_step_400000
115,xmol_idx115,1,xmol_step_400000
116,xmol_idx116,1,xmol_step_400000
117,xmol_idx117,1,xmol_step_400000
118,xmol_idx118,1,xmol_step_400000
119,xmol_idx119,1,xmol_step_400000
120,xmol_idx120,1,xmol_step_400000
121,xmol_idx121,1,xmol_step_400000
122,xmol_idx122,1,xmol_step_400000
123,xmol_idx123,1,xmol_step_400000
124,xmol_idx124,1,xmol_step_400000
125,xmol_idx125,1,xmol_step_400000
126,xmol_idx126,1,xmol_step_400000
127,xmol_idx127,1,xmol_step_400000
128,xmol_idx128,1,xmol_step_400000
129,xmol_idx129,1,xmol_step_400000
130,xmol_idx130,1,xmol_step_400000
131,xmol_idx131,1,xmol_step_400000
132,xmol_idx132,1,xmol_step_400000
133,xmol_idx133,1,xmol_step_400000
134,xmol_idx134,1,xmol_step_400000
135,xmol_idx135,1,xmol_step_400000
136,xmol_idx136,1,xmol_step_400000
137,xmol_idx137,1,xmol_step_400000
138,xmol_idx138,1,xmol_step_400000
139,xmol_idx139,1,xmol_step_400000
140,xmol_idx140,1,xmol_step_400000
141,xmol_idx141,1,xmol_step_400000
142,xmol_idx142,1,xmol_step_400000
143,xmol_idx143,1,xmol_step_400000
144,xmol_idx144,1,xmol_step_400000
145,xmol_idx145,1,xmol_step_400000
146,xmol_idx146,1,xmol_step_400000
147,xmol_idx147,1,xmol_step_400000
148,xmol_idx148,1,xmol_step_400000
149,xmol_idx149,1,xmol_step_400000
150,xmol_idx150,1,xmol_step_400000
151,xmol_idx151,1,xmol_step_400000
152,xmol_idx152,1,xmol_step_400000
153,xmol_idx153,1,xmol_step_400000
154,xmol_idx154,1,xmol_step_400000
155,xmol_idx155,1,xmol_step_400000
156,xmol_idx156,1,xmol_step_400000
157,xmol_idx157,1,xmol_step_400000
158,xmol_idx158,1,xmol_step_400000
159,xmol_idx159,1,xmol_step_400000
160,xmol_idx160,1,xmol_step_400000
161,xmol_idx161,1,xmol_step_400000
162,xmol_idx162,1,xmol_step_400000
163,xmol_idx163,1,xmol_step_400000
164,xmol_idx164,1,xmol_step_400000
165,xmol_idx165,1,xmol_step_400000
166,xmol_idx166,1,xmol_step_400000
167,xmol_idx167,1,xmol_step_400000
168,xmol_idx168,1,xmol_step_400000
169,xmol_idx169,1,xmol_step_400000
170,xmol_idx170,1,xmol_step_400000
171,xmol_idx171,1,xmol_step_400000
172,xmol_idx172,1,xmol_step_400000
173,xmol_idx173,1,xmol_step_400000
174,xmol_idx174,1,xmol_step_400000
175,xmol_idx175,1,xmol_step_400000
176,xmol_idx176,1,xmol_step_400000
177,xmol_idx177,1,xmol_step_400000
178,xmol_idx178,1,xmol_step_400000
179,xmol_idx179,1,xmol_step_400000
180,xmol_idx180,1,xmol_step_400000
181,xmol_idx181,1,xmol_step_400000
182,xmol_idx182,1,xmol_step_400000
183,xmol_idx183,1,xmol_step_400000
184,xmol_idx184,1,xmol_step_400000
185,xmol_idx185,1,xmol_step_400000
186,xmol_idx186,1,xmol_step_400000
187,xmol_idx187,1,xmol_step_400000
188,xmol_idx188,1,xmol_step_400000
189,xmol_idx189,1,xmol_step_400000
190,xmol_idx190,1,xmol_step_400000
191,xmol_idx191,1,xmol_step_400000
192,xmol_idx192,1,xmol_step_400000
193,xmol_idx193,1,xmol_step_400000
194,xmol_idx194,1,xmol_step_400000
195,xmol_idx195,1,xmol_step_400000
196,xmol_idx196,1,xmol_step_400000
197,xmol_idx197,1,xmol_step_400000
198,xmol_idx198,1,xmol_step_400000
199,xmol_idx199,1,xmol_step_400000
200,xmol_idx200,1,xmol_step_400000
201,xmol_idx201,1,xmol_step_400000
202,xmol_idx202,1,xmol_step_400000
203,xmol_idx203,1,xmol_step_400000
204,xmol_idx204,1,xmol_step_400000
205,xmol_idx205,1,xmol_step_400000
206,xmol_idx206,1,xmol_step_400000
207,xmol_idx207,1,xmol_step_400000
208,xmol_idx208,1,xmol_step_400000
209,xmol_idx209,1,xmol_step_400000
210,xmol_idx210,1,xmol_step_400000
211,xmol_idx211,1,xmol_step_400000
212,xmol_idx212,1,xmol_step_400000
213,xmol_idx213,1,xmol_step_400000
214,xmol_idx214,1,xmol_step_400000
215,xmol_idx215,1,xmol_step_400000
216,xmol_idx216,1,xmol_step_400000
217,xmol_idx217,1,xmol_step_400000
218,xmol_idx218,1,xmol_step_400000
219,xmol_idx219,1,xmol_step_400000
220,xmol_idx220,1,xmol_step_400000
221,xmol_idx221,1,xmol_step_400000
222,xmol_idx222,1,xmol_step_400000
223,xmol_idx223,1,xmol_step_400000
224,xmol_idx224,1,xmol_step_400000
225,xmol_idx225,1,xmol_step_400000
226,xmol_idx226,1,xmol_step_400000
227,xmol_idx227,1,xmol_step_400000
228,xmol_idx228,1,xmol_step_400000
229,xmol_idx229,1,xmol_step_400000
230,xmol_idx230,1,xmol_step_400000
231,xmol_idx231,1,xmol_step_400000
232,xmol_idx232,1,xmol_step_400000
233,xmol_idx233,1,xmol_step_400000
234,xmol_idx234,1,xmol_step_400000
235,xmol_idx235,1,xmol_step_400000
236,xmol_idx236,1,xmol_step_400000
237,xmol_idx237,1,xmol_step_400000
238,xmol_idx238,1,xmol_step_400000
239,xmol_idx239,1,xmol_step_400000
240,xmol_idx240,1,xmol_step_400000
241,xmol_idx241,1,xmol_step_400000
242,xmol_idx242,1,xmol_step_400000
243,xmol_idx243,1,xmol_step_400000
244,xmol_idx244,1,xmol_step_400000
245,xmol_idx245,1,xmol_step_400000
246,xmol_idx246,1,xmol_step_400000
247,xmol_idx247,1,xmol_step_400000
248,xmol_idx248,1,xmol_step_400000
249,xmol_idx249,1,xmol_step_400000
250,xmol_idx250,1,xmol_step_400000
251,xmol_idx251,1,xmol_step_400000
252,xmol_idx252,1,xmol_step_400000
253,xmol_idx253,1,xmol_step_400000
254,xmol_idx254,1,xmol_step_400000
255,xmol_idx255,1,xmol_step_400000
256,xmol_idx256,1,xmol_step_400000
257,xmol_idx257,1,xmol_step_400000
258,xmol_idx258,1,xmol_step_400000
259,xmol_idx259,1,xmol_step_400000
260,xmol_idx260,1,xmol_step_400000
261,xmol_idx261,1,xmol_step_400000
262,xmol_idx262,1,xmol_step_400000
263,xmol_idx263,1,xmol_step_400000
264,xmol_idx264,1,xmol_step_400000
265,xmol_idx265,1,xmol_step_400000
266,xmol_idx266,1,xmol_step_400000
267,xmol_idx267,1,xmol_step_400000
268,xmol_idx268,1,xmol_step_400000
269,xmol_idx269,1,xmol_step_400000
270,xmol_idx270,1,xmol_step_400000
271,xmol_idx271,1,xmol_step_400000
272,xmol_idx272,1,xmol_step_400000
273,xmol_idx273,1,xmol_step_400000
274,xmol_idx274,1,xmol_step_400000
275,xmol_idx275,1,xmol_step_400000
276,xmol_idx276,1,xmol_step_400000
277,xmol_idx277,1,xmol_step_400000
278,xmol_idx278,1,xmol_step_400000
279,xmol_idx279,1,xmol_step_400000
280,xmol_idx280,1,xmol_step_400000
281,xmol_idx281,1,xmol_step_400000
282,xmol_idx282,1,xmol_step_400000
283,xmol_idx283,1,xmol_step_400000
284,xmol_idx284,1,xmol_step_400000
285,xmol_idx285,1,xmol_step_400000
286,xmol_idx286,1,xmol_step_400000
287,xmol_idx287,1,xmol_step_400000
288,xmol_idx288,1,xmol_step_400000
289,xmol_idx289,1,xmol_step_400000
290,xmol_idx290,1,xmol_step_400000
291,xmol_idx291,1,xmol_step_400000
292,xmol_idx292,1,xmol_step_400000
293,xmol_idx293,1,xmol_step_400000
294,xmol_idx294,1,xmol_step_400000
295,xmol_idx295,1,xmol_step_400000
296,xmol_idx296,1,xmol_step_400000
297,xmol_idx297,1,xmol_step_400000
298,xmol_idx298,1,xmol_step_400000
299,xmol_idx299,1,xmol_step_400000
300,xmol_idx300,1,xmol_step_400000
301,xmol_idx301,1,xmol_step_400000
302,xmol_idx302,1,xmol_step_400000
303,xmol_idx303,1,xmol_step_400000
304,xmol_idx304,1,xmol_step_400000
305,xmol_idx305,1,xmol_step_400000
306,xmol_idx306,1,xmol_step_400000
307,xmol_idx307,1,xmol_step_400000
308,xmol_idx308,1,xmol_step_400000
309,xmol_idx309,1,xmol_step_400000
310,xmol_idx310,1,xmol_step_400000
311,xmol_idx311,1,xmol_step_400000
312,xmol_idx312,1,xmol_step_400000
313,xmol_idx313,1,xmol_step_400000
314,xmol_idx314,1,xmol_step_400000
315,xmol_idx315,1,xmol_step_400000
316,xmol_idx316,1,xmol_step_400000
317,xmol_idx317,1,xmol_step_400000
318,xmol_idx318,1,xmol_step_400000
319,xmol_idx319,1,xmol_step_400000
320,xmol_idx320,1,xmol_step_400000
321,xmol_idx321,1,xmol_step_400000
322,xmol_idx322,1,xmol_step_400000
323,xmol_idx323,1,xmol_step_400000
324,xmol_idx324,1,xmol_step_400000
325,xmol_idx325,1,xmol_step_400000
326,xmol_idx326,1,xmol_step_400000
327,xmol_idx327,1,xmol_step_400000
328,xmol_idx328,1,xmol_step_400000
329,xmol_idx329,1,xmol_step_400000
330,xmol_idx330,1,xmol_step_400000
331,xmol_idx331,1,xmol_step_400000
332,xmol_idx332,1,xmol_step_400000
333,xmol_idx333,1,xmol_step_400000
334,xmol_idx334,1,xmol_step_400000
335,xmol_idx335,1,xmol_step_400000
336,xmol_idx336,1,xmol_step_400000
337,xmol_idx337,1,xmol_step_400000
338,xmol_idx338,1,xmol_step_400000
339,xmol_idx339,1,xmol_step_400000
340,xmol_idx340,1,xmol_step_400000
341,xmol_idx341,1,xmol_step_400000
342,xmol_idx342,1,xmol_step_400000
343,xmol_idx343,1,xmol_step_400000
344,xmol_idx344,1,xmol_step_400000
345,xmol_idx345,1,xmol_step_400000
346,xmol_idx346,1,xmol_step_400000
347,xmol_idx347,1,xmol_step_400000
348,xmol_idx348,1,xmol_step_400000
349,xmol_idx349,1,xmol_step_400000
350,xmol_idx350,1,xmol_step_400000
351,xmol_idx351,1,xmol_step_400000
352,xmol_idx352,1,xmol_step_400000
353,xmol_idx353,1,xmol_step_400000
354,xmol_idx354,1,xmol_step_400000
355,xmol_idx355,1,xmol_step_400000
356,xmol_idx356,1,xmol_step_400000
357,xmol_idx357,1,xmol_step_400000
358,xmol_idx358,1,xmol_step_400000
359,xmol_idx359,1,xmol_step_400000
360,xmol_idx360,1,xmol_step_400000
361,xmol_idx361,1,xmol_step_400000
362,xmol_idx362,1,xmol_step_400000
363,xmol_idx363,1,xmol_step_400000
364,xmol_idx364,1,xmol_step_400000
365,xmol_idx365,1,xmol_step_400000
366,xmol_idx366,1,xmol_step_400000
367,xmol_idx367,1,xmol_step_400000
368,xmol_idx368,1,xmol_step_400000
369,xmol_idx369,1,xmol_step_400000
370,xmol_idx370,1,xmol_step_400000
371,xmol_idx371,1,xmol_step_400000
372,xmol_idx372,1,xmol_step_400000
373,xmol_idx373,1,xmol_step_400000
374,xmol_idx374,1,xmol_step_400000
375,xmol_idx375,1,xmol_step_400000
376,xmol_idx376,1,xmol_step_400000
377,xmol_idx377,1,xmol_step_400000
378,xmol_idx378,1,xmol_step_400000
379,xmol_idx379,1,xmol_step_400000
380,xmol_idx380,1,xmol_step_400000
381,xmol_idx381,1,xmol_step_400000
382,xmol_idx382,1,xmol_step_400000
383,xmol_idx383,1,xmol_step_400000
384,xmol_idx384,1,xmol_step_400000
385,xmol_idx385,1,xmol_step_400000
386,xmol_idx386,1,xmol_step_400000
387,xmol_idx387,1,xmol_step_400000
388,xmol_idx388,1,xmol_step_400000
389,xmol_idx389,1,xmol_step_400000
390,xmol_idx390,1,xmol_step_400000
391,xmol_idx391,1,xmol_step_400000
392,xmol_idx392,1,xmol_step_400000
393,xmol_idx393,1,xmol_step_400000
394,xmol_idx394,1,xmol_step_400000
395,xmol_idx395,1,xmol_step_400000
396,xmol_idx396,1,xmol_step_400000
397,xmol_idx397,1,xmol_step_400000
398,xmol_idx398,1,xmol_step_400000
399,xmol_idx399,1,xmol_step_400000
400,xmol_idx400,1,xmol_step_400000
401,xmol_idx401,1,xmol_step_400000
402,xmol_idx402,1,xmol_step_400000
403,xmol_idx403,1,xmol_step_400000
404,xmol_idx404,1,xmol_step_400000
405,xmol_idx405,1,xmol_step_400000
406,xmol_idx406,1,xmol_step_400000
407,xmol_idx407,1,xmol_step_400000
408,xmol_idx408,1,xmol_step_400000
409,xmol_idx409,1,xmol_step_400000
410,xmol_idx410,1,xmol_step_400000
411,xmol_idx411,1,xmol_step_400000
412,xmol_idx412,1,xmol_step_400000
413,xmol_idx413,1,xmol_step_400000
414,xmol_idx414,1,xmol_step_400000
415,xmol_idx415,1,xmol_step_400000
416,xmol_idx416,1,xmol_step_400000
417,xmol_idx417,1,xmol_step_400000
418,xmol_idx418,1,xmol_step_400000
419,xmol_idx419,1,xmol_step_400000
420,xmol_idx420,1,xmol_step_400000
421,xmol_idx421,1,xmol_step_400000
422,xmol_idx422,1,xmol_step_400000
423,xmol_idx423,1,xmol_step_400000
424,xmol_idx424,1,xmol_step_400000
425,xmol_idx425,1,xmol_step_400000
426,xmol_idx426,1,xmol_step_400000
427,xmol_idx427,1,xmol_step_400000
428,xmol_idx428,1,xmol_step_400000
429,xmol_idx429,1,xmol_step_400000
430,xmol_idx430,1,xmol_step_400000
431,xmol_idx431,1,xmol_step_400000
432,xmol_idx432,1,xmol_step_400000
433,xmol_idx433,1,xmol_step_400000
434,xmol_idx434,1,xmol_step_400000
435,xmol_idx435,1,xmol_step_400000
436,xmol_idx436,1,xmol_step_400000
437,xmol_idx437,1,xmol_step_400000
438,xmol_idx438,1,xmol_step_400000
439,xmol_idx439,1,xmol_step_400000
440,xmol_idx440,1,xmol_step_400000
441,xmol_idx441,1,xmol_step_400000
442,xmol_idx442,1,xmol_step_400000
443,xmol_idx443,1,xmol_step_400000
444,xmol_idx444,1,xmol_step_400000
445,xmol_idx445,1,xmol_step_400000
446,xmol_idx446,1,xmol_step_400000
447,xmol_idx447,1,xmol_step_400000
448,xmol_idx448,1,xmol_step_400000
449,xmol_idx449,1,xmol_step_400000
450,xmol_idx450,1,xmol_step_400000
451,xmol_idx451,1,xmol_step_400000
452,xmol_idx452,1,xmol_step_400000
453,xmol_idx453,1,xmol_step_400000
454,xmol_idx454,1,xmol_step_400000
455,xmol_idx455,1,xmol_step_400000
456,xmol_idx456,1,xmol_step_400000
457,xmol_idx457,1,xmol_step_400000
458,xmol_idx458,1,xmol_step_400000
459,xmol_idx459,1,xmol_step_400000
460,xmol_idx460,1,xmol_step_400000
461,xmol_idx461,1,xmol_step_400000
462,xmol_idx462,1,xmol_step_400000
463,xmol_idx463,1,xmol_step_400000
464,xmol_idx464,1,xmol_step_400000
465,xmol_idx465,1,xmol_step_400000
466,xmol_idx466,1,xmol_step_400000
467,xmol_idx467,1,xmol_step_400000
468,xmol_idx468,1,xmol_step_400000
469,xmol_idx469,1,xmol_step_400000
470,xmol_idx470,1,xmol_step_400000
471,xmol_idx471,1,xmol_step_400000
472,xmol_idx472,1,xmol_step_400000
473,xmol_idx473,1,xmol_step_400000
474,xmol_idx474,1,xmol_step_400000
475,xmol_idx475,1,xmol_step_400000
476,xmol_idx476,1,xmol_step_400000
477,xmol_idx477,1,xmol_step_400000
478,xmol_idx478,1,xmol_step_400000
479,xmol_idx479,1,xmol_step_400000
480,xmol_idx480,1,xmol_step_400000
481,xmol_idx481,1,xmol_step_400000
482,xmol_idx482,1,xmol_step_400000
483,xmol_idx483,1,xmol_step_400000
484,xmol_idx484,1,xmol_step_400000
485,xmol_idx485,1,xmol_step_400000
486,xmol_idx486,1,xmol_step_400000
487,xmol_idx487,1,xmol_step_400000
488,xmol_idx488,1,xmol_step_400000
489,xmol_idx489,1,xmol_step_400000
490,xmol_idx490,1,xmol_step_400000
491,xmol_idx491,1,xmol_step_400000
492,xmol_idx492,1,xmol_step_400000
493,xmol_idx493,1,xmol_step_400000
494,xmol_idx494,1,xmol_step_400000
495,xmol_idx495,1,xmol_step_400000
496,xmol_idx496,1,xmol_step_400000
497,xmol_idx497,1,xmol_step_400000
498,xmol_idx498,1,xmol_step_400000
499,xmol_idx499,1,xmol_step_400000
500,xmol_idx500,1,xmol_step_400000
501,xmol_idx501,1,xmol_step_400000
502,xmol_idx502,1,xmol_step_400000
503,xmol_idx503,1,xmol_step_400000
504,xmol_idx504,1,xmol_step_400000
505,xmol_idx505,1,xmol_step_400000
506,xmol_idx506,1,xmol_step_400000
507,xmol_idx507,1,xmol_step_400000
508,xmol_idx508,1,xmol_step_400000
509,xmol_idx509,1,xmol_step_400000
510,xmol_idx510,1,xmol_step_400000
511,xmol_idx511,1,xmol_step_400000
512,xmol_idx512,1,xmol_step_400000
513,xmol_idx513,1,xmol_step_400000
514,xmol_idx514,1,xmol_step_400000
515,xmol_idx515,1,xmol_step_400000
516,xmol_idx516,1,xmol_step_400000
517,xmol_idx517,1,xmol_step_400000
518,xmol_idx518,1,xmol_step_400000
519,xmol_idx519,1,xmol_step_400000
520,xmol_idx520,1,xmol_step_400000
521,xmol_idx521,1,xmol_step_400000
522,xmol_idx522,1,xmol_step_400000
523,xmol_idx523,1,xmol_step_400000
524,xmol_idx524,1,xmol_step_400000
525,xmol_idx525,1,xmol_step_400000
526,xmol_idx526,1,xmol_step_400000
527,xmol_idx527,1,xmol_step_400000
528,xmol_idx528,1,xmol_step_400000
529,xmol_idx529,1,xmol_step_400000
530,xmol_idx530,1,xmol_step_400000
531,xmol_idx531,1,xmol_step_400000
532,xmol_idx532,1,xmol_step_400000
533,xmol_idx533,1,xmol_step_400000
534,xmol_idx534,1,xmol_step_400000
535,xmol_idx535,1,xmol_step_400000
536,xmol_idx536,1,xmol_step_400000
537,xmol_idx537,1,xmol_step_400000
538,xmol_idx538,1,xmol_step_400000
539,xmol_idx539,1,xmol_step_400000
540,xmol_idx540,1,xmol_step_400000
541,xmol_idx541,1,xmol_step_400000
542,xmol_idx542,1,xmol_step_400000
543,xmol_idx543,1,xmol_step_400000
544,xmol_idx544,1,xmol_step_400000
545,xmol_idx545,1,xmol_step_400000
546,xmol_idx546,1,xmol_step_400000
547,xmol_idx547,1,xmol_step_400000
548,xmol_idx548,1,xmol_step_400000
549,xmol_idx549,1,xmol_step_400000
550,xmol_idx550,1,xmol_step_400000
551,xmol_idx551,1,xmol_step_400000
552,xmol_idx552,1,xmol_step_400000
553,xmol_idx553,1,xmol_step_400000
554,xmol_idx554,1,xmol_step_400000
555,xmol_idx555,1,xmol_step_400000
556,xmol_idx556,1,xmol_step_400000
557,xmol_idx557,1,xmol_step_400000
558,xmol_idx558,1,xmol_step_400000
559,xmol_idx559,1,xmol_step_400000
560,xmol_idx560,1,xmol_step_400000
561,xmol_idx561,1,xmol_step_400000
562,xmol_idx562,1,xmol_step_400000
563,xmol_idx563,1,xmol_step_400000
564,xmol_idx564,1,xmol_step_400000
565,xmol_idx565,1,xmol_step_400000
566,xmol_idx566,1,xmol_step_400000
567,xmol_idx567,1,xmol_step_400000
568,xmol_idx568,1,xmol_step_400000
569,xmol_idx569,1,xmol_step_400000
570,xmol_idx570,1,xmol_step_400000
571,xmol_idx571,1,xmol_step_400000
572,xmol_idx572,1,xmol_step_400000
573,xmol_idx573,1,xmol_step_400000
574,xmol_idx574,1,xmol_step_400000
575,xmol_idx575,1,xmol_step_400000
576,xmol_idx576,1,xmol_step_400000
577,xmol_idx577,1,xmol_step_400000
578,xmol_idx578,1,xmol_step_400000
579,xmol_idx579,1,xmol_step_400000
580,xmol_idx580,1,xmol_step_400000
581,xmol_idx581,1,xmol_step_400000
582,xmol_idx582,1,xmol_step_400000
583,xmol_idx583,1,xmol_step_400000
584,xmol_idx584,1,xmol_step_400000
585,xmol_idx585,1,xmol_step_400000
586,xmol_idx586,1,xmol_step_400000
587,xmol_idx587,1,xmol_step_400000
588,xmol_idx588,1,xmol_step_400000
589,xmol_idx589,1,xmol_step_400000
590,xmol_idx590,1,xmol_step_400000
591,xmol_idx591,1,xmol_step_400000
592,xmol_idx592,1,xmol_step_400000
593,xmol_idx593,1,xmol_step_400000
594,xmol_idx594,1,xmol_step_400000
595,xmol_idx595,1,xmol_step_400000
596,xmol_idx596,1,xmol_step_400000
597,xmol_idx597,1,xmol_step_400000
598,xmol_idx598,1,xmol_step_400000
599,xmol_idx599,1,xmol_step_400000
600,xmol_idx600,1,xmol_step_400000
601,xmol_idx601,1,xmol_step_400000
602,xmol_idx602,1,xmol_step_400000
603,xmol_idx603,1,xmol_step_400000
604,xmol_idx604,1,xmol_step_400000
605,xmol_idx605,1,xmol_step_400000
606,xmol_idx606,1,xmol_step_400000
607,xmol_idx607,1,xmol_step_400000
608,xmol_idx608,1,xmol_step_400000
609,xmol_idx609,1,xmol_step_400000
610,xmol_idx610,1,xmol_step_400000
611,xmol_idx611,1,xmol_step_400000
612,xmol_idx612,1,xmol_step_400000
613,xmol_idx613,1,xmol_step_400000
614,xmol_idx614,1,xmol_step_400000
615,xmol_idx615,1,xmol_step_400000
616,xmol_idx616,1,xmol_step_400000
617,xmol_idx617,1,xmol_step_400000
618,xmol_idx618,1,xmol_step_400000
619,xmol_idx619,1,xmol_step_400000
620,xmol_idx620,1,xmol_step_400000
621,xmol_idx621,1,xmol_step_400000
622,xmol_idx622,1,xmol_step_400000
623,xmol_idx623,1,xmol_step_400000
624,xmol_idx624,1,xmol_step_400000
625,xmol_idx625,1,xmol_step_400000
626,xmol_idx626,1,xmol_step_400000
627,xmol_idx627,1,xmol_step_400000
628,xmol_idx628,1,xmol_step_400000
629,xmol_idx629,1,xmol_step_400000
630,xmol_idx630,1,xmol_step_400000
631,xmol_idx631,1,xmol_step_400000
632,xmol_idx632,1,xmol_step_400000
633,xmol_idx633,1,xmol_step_400000
634,xmol_idx634,1,xmol_step_400000
635,xmol_idx635,1,xmol_step_400000
636,xmol_idx636,1,xmol_step_400000
637,xmol_idx637,1,xmol_step_400000
638,xmol_idx638,1,xmol_step_400000
639,xmol_idx639,1,xmol_step_400000
640,xmol_idx640,1,xmol_step_400000
641,xmol_idx641,1,xmol_step_400000
642,xmol_idx642,1,xmol_step_400000
643,xmol_idx643,1,xmol_step_400000
644,xmol_idx644,1,xmol_step_400000
645,xmol_idx645,1,xmol_step_400000
646,xmol_idx646,1,xmol_step_400000
647,xmol_idx647,1,xmol_step_400000
648,xmol_idx648,1,xmol_step_400000
649,xmol_idx649,1,xmol_step_400000
650,xmol_idx650,1,xmol_step_400000
651,xmol_idx651,1,xmol_step_400000
652,xmol_idx652,1,xmol_step_400000
653,xmol_idx653,1,xmol_step_400000
654,xmol_idx654,1,xmol_step_400000
655,xmol_idx655,1,xmol_step_400000
656,xmol_idx656,1,xmol_step_400000
657,xmol_idx657,1,xmol_step_400000
658,xmol_idx658,1,xmol_step_400000
659,xmol_idx659,1,xmol_step_400000
660,xmol_idx660,1,xmol_step_400000
661,xmol_idx661,1,xmol_step_400000
662,xmol_idx662,1,xmol_step_400000
663,xmol_idx663,1,xmol_step_400000
664,xmol_idx664,1,xmol_step_400000
665,xmol_idx665,1,xmol_step_400000
666,xmol_idx666,1,xmol_step_400000
667,xmol_idx667,1,xmol_step_400000
668,xmol_idx668,1,xmol_step_400000
669,xmol_idx669,1,xmol_step_400000
670,xmol_idx670,1,xmol_step_400000
671,xmol_idx671,1,xmol_step_400000
672,xmol_idx672,1,xmol_step_400000
673,xmol_idx673,1,xmol_step_400000
674,xmol_idx674,1,xmol_step_400000
675,xmol_idx675,1,xmol_step_400000
676,xmol_idx676,1,xmol_step_400000
677,xmol_idx677,1,xmol_step_400000
678,xmol_idx678,1,xmol_step_400000
679,xmol_idx679,1,xmol_step_400000
680,xmol_idx680,1,xmol_step_400000
681,xmol_idx681,1,xmol_step_400000
682,xmol_idx682,1,xmol_step_400000
683,xmol_idx683,1,xmol_step_400000
684,xmol_idx684,1,xmol_step_400000
685,xmol_idx685,1,xmol_step_400000
686,xmol_idx686,1,xmol_step_400000
687,xmol_idx687,1,xmol_step_400000
688,xmol_idx688,1,xmol_step_400000
689,xmol_idx689,1,xmol_step_400000
690,xmol_idx690,1,xmol_step_400000
691,xmol_idx691,1,xmol_step_400000
692,xmol_idx692,1,xmol_step_400000
693,xmol_idx693,1,xmol_step_400000
694,xmol_idx694,1,xmol_step_400000
695,xmol_idx695,1,xmol_step_400000
696,xmol_idx696,1,xmol_step_400000
697,xmol_idx697,1,xmol_step_400000
698,xmol_idx698,1,xmol_step_400000
699,xmol_idx699,1,xmol_step_400000
700,xmol_idx700,1,xmol_step_400000
701,xmol_idx701,1,xmol_step_400000
702,xmol_idx702,1,xmol_step_400000
703,xmol_idx703,1,xmol_step_400000
704,xmol_idx704,1,xmol_step_400000
705,xmol_idx705,1,xmol_step_400000
706,xmol_idx706,1,xmol_step_400000
707,xmol_idx707,1,xmol_step_400000
708,xmol_idx708,1,xmol_step_400000
709,xmol_idx709,1,xmol_step_400000
710,xmol_idx710,1,xmol_step_400000
711,xmol_idx711,1,xmol_step_400000
712,xmol_idx712,1,xmol_step_400000
713,xmol_idx713,1,xmol_step_400000
714,xmol_idx714,1,xmol_step_400000
715,xmol_idx715,1,xmol_step_400000
716,xmol_idx716,1,xmol_step_400000
717,xmol_idx717,1,xmol_step_400000
718,xmol_idx718,1,xmol_step_400000
719,xmol_idx719,1,xmol_step_400000
720,xmol_idx720,1,xmol_step_400000
721,xmol_idx721,1,xmol_step_400000
722,xmol_idx722,1,xmol_step_400000
723,xmol_idx723,1,xmol_step_400000
724,xmol_idx724,1,xmol_step_400000
725,xmol_idx725,1,xmol_step_400000
726,xmol_idx726,1,xmol_step_400000
727,xmol_idx727,1,xmol_step_400000
728,xmol_idx728,1,xmol_step_400000
729,xmol_idx729,1,xmol_step_400000
730,xmol_idx730,1,xmol_step_400000
731,xmol_idx731,1,xmol_step_400000
732,xmol_idx732,1,xmol_step_400000
733,xmol_idx733,1,xmol_step_400000
734,xmol_idx734,1,xmol_step_400000
735,xmol_idx735,1,xmol_step_400000
736,xmol_idx736,1,xmol_step_400000
737,xmol_idx737,1,xmol_step_400000
738,xmol_idx738,1,xmol_step_400000
739,xmol_idx739,1,xmol_step_400000
740,xmol_idx740,1,xmol_step_400000
741,xmol_idx741,1,xmol_step_400000
742,xmol_idx742,1,xmol_step_400000
743,xmol_idx743,1,xmol_step_400000
744,xmol_idx744,1,xmol_step_400000
745,xmol_idx745,1,xmol_step_400000
746,xmol_idx746,1,xmol_step_400000
747,xmol_idx747,1,xmol_step_400000
748,xmol_idx748,1,xmol_step_400000
749,xmol_idx749,1,xmol_step_400000
750,xmol_idx750,1,xmol_step_400000
751,xmol_idx751,1,xmol_step_400000
752,xmol_idx752,1,xmol_step_400000
753,xmol_idx753,1,xmol_step_400000
754,xmol_idx754,1,xmol_step_400000
755,xmol_idx755,1,xmol_step_400000
756,xmol_idx756,1,xmol_step_400000
757,xmol_idx757,1,xmol_step_400000
758,xmol_idx758,1,xmol_step_400000
759,xmol_idx759,1,xmol_step_400000
760,xmol_idx760,1,xmol_step_400000
761,xmol_idx761,1,xmol_step_400000
762,xmol_idx762,1,xmol_step_400000
763,xmol_idx763,1,xmol_step_400000
764,xmol_idx764,1,xmol_step_400000
765,xmol_idx765,1,xmol_step_400000
766,xmol_idx766,1,xmol_step_400000
767,xmol_idx767,1,xmol_step_400000
